Site Code,Site Name,Gross internal floor area (m2),Occupied floor area (m2),pcd,pcd2,oseast1m,osnrth1m
R0A01,ISLAND SITE,287549,206153,M13 9WL,M13  9WL,384979,396212
R0A07,WYTHENSHAWE HOSPITAL,124998,124998,M23 9LT,M23  9LT,380598,387938
R0A09,TRAFFORD GENERAL HOSPITAL,52431,51211,M41 5SL,M41  5SL,375482,395320
R0A47,DERMOTT MURPHY CLOSE - LONG STAY UNIT,1717,1717,M20 1FQ,M20  1FQ,383895,392887
R0A49,BUCCLEUCH LODGE,1914,1914,M20 2XA,M20  2XA,383450,391985
R0AORS,OTHER REPORTABLE SITES,65235,47856,M13 9WL,M13  9WL,384979,396212
R1A1P,EVESHAM COMMUNITY HOSPITAL,9009,8821,WR111JT,WR11 1JT,403613,243102
R1A22,KEITH WINTER CLOSE MH UNIT,697,697,B61 0EX,B61  0EX,396741,272808
R1A49,HILL CREST MH UNIT,2295,2295,B98 7WG,B98  7WG,406156,264811
R1AAN,TENBURY COMMUNITY HOSPITAL,1919,1919,WR158AF,WR15 8AF,359600,268300
R1AAV,CROMWELL HOUSE,436,436,WR3 8AJ,WR3  8AJ,384670,256518
R1ACG,PRINCESS OF WALES HOSPITAL,11445,11445,B61 0BB,B61  0BB,396305,271786
R1ACW,PERSHORE HOSPITAL,1830,1830,WR101PS,WR10 1PS,394771,246195
R1ACY,OSBORNE COURT,2109,2109,WR141JE,WR14 1JE,378145,247560
R1ADC,MALVERN COMMUNITY HOSPITAL,3936,3936,WR141EX,WR14 1EX,377993,247331
R1AHM,TIMBERDINE UNIT,2269,2269,WR5 2DD,WR5  2DD,385528,253310
R1ALJ,KIDDERMINSTER GENERAL HOSPITAL,4267,4267,DY116RJ,DY11 6RJ,382322,276478
R1ALK,NEWTOWN HOSPITAL,6767,6223,WR5 1JG,WR5  1JG,387579,254924
R1AORS,OTHER REPORTABLE SITES,20423,19598,WR4 9RW,WR4  9RW,385537,255224
R1C03,WESTERN COMMUNITY HOSPITAL,3448,3120,SO164XE,SO16 4XE,439031,114123
R1C34,ROYAL SOUTH HANTS HOSPITAL,6899,6743,SO140YG,SO14 0YG,442484,112720
R1CD4,ST MARY'S COMMUNITY HEALTH CAMPUS,11836,9400,PO3 6AD,PO3  6AD,466062,100481
R1CF2,ST JAMES HOSPITAL,10380,8681,PO4 8LD,PO4  8LD,467040,100140
R1CF5,JUBILEE HOUSE,1271,1189,PO6 3NH,PO6  3NH,465130,105523
R1CORS,OTHER REPORTABLE SITES,19760,17913,SO164XE,SO16 4XE,439031,114123
R1D21,LUDLOW HOSPITAL,4832,3908,SY8 1QX,SY8  1QX,351458,275308
R1D22,BRIDGNORTH HOSPITAL,5001,4632,WV164EU,WV16 4EU,371508,293421
R1D25,BISHOP'S CASTLE HOSPITAL,807,727,SY9 5AJ,SY9  5AJ,332229,288823
R1D34,WHITCHURCH HOSPITAL,3672,3153,SY131NT,SY13 1NT,354485,341925
R1DORS,OTHER REPORTABLE SITES,16044,14475,SY3 8XL,SY3  8XL,346762,312312
R1F01,ST MARY'S HOSPITAL,52579,52579,PO305TG,PO30 5TG,449427,90367
R1FORS,OTHER REPORTABLE SITES,4938,4938,PO305TG,PO30 5TG,449427,90367
R1H12,THE ROYAL LONDON,203568,184992,E1  1BB,E1   1BB,534829,181798
R1HKH,WHIPPS CROSS UNIVERSITY HOSPITAL,98126,90307,E11 1NR,E11  1NR,538863,188563
R1HM0,ST BATHOLOMEWS HOSPITAL,82733,77100,EC1A7BB,EC1A 7BB,532022,181628
R1HNH,NEWHAM GENERAL HOSPITAL,43441,43441,E13 8SL,E13  8SL,541259,182391
R1HORS,OTHER REPORTABLE SITES,37100,35668,E1  8PR,E1   8PR,533997,180951
R1J07,VALE COMMUNITY HOSPITAL,2564,2564,GL114BZ,GL11 4BZ,375268,199037
R1J08,TEWKESBURY HOSPITAL,3171,3171,GL205QN,GL20 5QN,389627,232644
R1J10,DILKE MEMORIAL HOSPITAL,3918,3918,GL143HX,GL14 3HX,364257,212636
R1J11,LYDNEY AND DISTRICT HOSPITAL,2414,2174,GL155JF,GL15 5JF,362899,203443
R1J13,STROUD GENERAL HOSPITAL,6023,5723,GL5 2HY,GL5  2HY,385726,204945
R1J21,NORTH COTSWOLDS HOSPITAL,2605,2605,GL560DS,GL56 0DS,420291,231718
R1JORS,OTHER REPORTABLE SITES,11296,11036,GL3 4AW,GL3  4AW,387946,216512
R1K01,NORTHWICK PARK AND ST MARK'S,123308,122549,HA1 3UJ,HA1  3UJ,516376,187616
R1K02,CENTRAL MIDDLESEX HOSPITAL,61059,44895,NW107NS,NW10 7NS,520157,182756
R1K04,EALING HOSPITAL,58081,54810,UB1 3HW,UB1  3HW,514921,180039
R1K23,WILLESDEN CENTRE FOR HEALTH AND CARE,4277,4227,NW103RY,NW10 3RY,522458,184135
R1K68,CLAYPONDS HOSPITAL,3899,3899,W5  4RN,W5   4RN,518188,178721
R1KORS,OTHER REPORTABLE SITES,30983,30537,W3  8QE,W3   8QE,520150,180005
R1L10,ROCHFORD COMMUNITY HOSPITAL,10852,10852,SS4 1RB,SS4  1RB,587349,190694
R1L28,ROBIN PINTO UNIT,1230,1230,LU4 0FB,LU4  0FB,505047,223195
R1L50,THURROCK COMMUNITY HOSPITAL,5885,5885,RM162PX,RM16 2PX,562266,180080
R1L90,CUMBERLEDGE CENTRE,1590,1590,SS2 4BD,SS2  4BD,589323,187098
R1LAT,THE BRAMBLES - COLCHESTER,456,456,CO4 0HF,CO4  0HF,601540,227814
R1LD6,KING'S WOOD CENTRE - COLCHESTER,2812,2812,CO4 5JY,CO4  5JY,599706,227733
R1LE1,COLCHESTER - THE LAKES,3121,3121,CO4 5JL,CO4  5JL,599511,227486
R1LJ2,RAWRETH COURT,1724,1724,SS6 9RN,SS6  9RN,579905,192790
R1LJ3,CLIFTON LODGE,1724,1724,SS0 7DB,SS0  7DB,587296,186215
R1LK9,BROCKFIELD HOUSE,9297,9297,SS117FE,SS11 7FE,575863,195519
R1LLC,THE LINDEN CENTRE,4342,4342,CM1 7LF,CM1  7LF,569874,211505
R1LORS,OTHER REPORTABLE SITES,66986,66986,SS117XX,SS11 7XX,576115,195752
R1LPA,DERWENT CENTRE - HARLOW,8118,5962,CM201QX,CM20 1QX,543989,210152
R1LT1,ST MARGARET'S HOSPITAL,5336,5336,CM166TN,CM16 6TN,546861,202752
R1LTH,SAFFRON WALDEN COMMUNITY HOSPITAL,2765,2765,CB113HY,CB11 3HY,554905,238533
R1LX1,"THE ST. AUBYN'S CENTRE, COLCHESTER",4140,4140,CO4 5HG,CO4  5HG,599270,228387
R1LX3,"WOOD LEA CLINIC, BEDFORD",668,668,MK438HJ,MK43 8HJ,499308,251512
R1LY4,"LANDERMERE CENTRE MENTAL HEALTH WARDS, CLACTON-ON-SEA",1702,1702,CO151LH,CO15 1LH,617230,214402
R1LY5,"MOUNTNESSING COURT, BILLERICAY",1314,1314,CM120EH,CM12 0EH,566700,195346
R1LY9,"BASILDON MENTAL HEALTH UNIT, BASILDON",6537,6537,SS165NL,SS16 5NL,569975,187156
R1LZC,BYRON COURT - 5 HEATH CLOSE,655,655,CM129NW,CM12 9NW,566662,194252
RA301,WESTON GENERAL HOSPITAL,31395,31395,BS234TQ,BS23 4TQ,332406,158585
RA3ORS,OTHER REPORTABLE SITES,1227,1227,BS234TQ,BS23 4TQ,332406,158585
RA430,YEOVIL DISTRICT HOSPITAL,55103,41101,BA214AT,BA21 4AT,355505,116348
RA773,SOUTH BRISTOL COMMUNITY HOSPITAL,10318,10208,BS140DE,BS14 0DE,359526,168366
RA7ORS,OTHER REPORTABLE SITES,2968,2692,BS1 3NU,BS1  3NU,358896,173556
RA957,NEWTON ABBOT HOSPITAL,7863,7843,TQ124PT,TQ12 4PT,286123,71110
RA9ORS,OTHER REPORTABLE SITES,19645,18497,TQ2 7AA,TQ2  7AA,289857,65876
RAE05,ST. LUKE'S HOSPITAL,41773,41598,BD5 0NA,BD5  0NA,415865,431957
RAE5H,WESTBOURNE GREEN COMMUNITY HOSPITAL,1046,1046,BD8 8RA,BD8  8RA,414833,434579
RAEORS,OTHER REPORTABLE SITES,3811,3811,BD9 6RJ,BD9  6RJ,413618,434429
RALC7,CHASE FARM HOSPITAL,45536,30038,EN2 8JL,EN2  8JL,531219,198118
RALORS,OTHER REPORTABLE SITES,23984,19009,NW3 2QG,NW3  2QG,527297,185410
RANORS,OTHER REPORTABLE SITES,1757,1757,HA7 4LP,HA7  4LP,517033,193991
RAPORS,OTHER REPORTABLE SITES,554,554,N18 1QX,N18  1QX,533470,192231
RATAF,MAYFIELD CENTRE,1032,1032,RM162PX,RM16 2PX,562266,180080
RATGD,GRAY'S COURT COMMUNITY HOSPITAL,3065,3065,RM109SR,RM10 9SR,549720,184436
RATKG,KING GEORGE HOSPITAL,1644,1644,IG3 8YB,IG3  8YB,546442,188967
RATORS,OTHER REPORTABLE SITES,91148,76700,IG3 8XJ,IG3  8XJ,546338,188680
RATRM,BRENTWOOD COMMUNITY HOSPITAL,8260,3735,CM158DR,CM15 8DR,560444,194178
RATZZ,AINSLIE REHABILITATION UNIT,1613,1613,E4  6UU,E4   6UU,538455,193107
RBL14,ARROWE PARK HOSPITAL,82686,82686,CH495PE,CH49 5PE,327119,386423
RBL20,CLATTERBRIDGE HOSPITAL,33776,25507,CH634JY,CH63 4JY,331896,382264
RBN03,NEWTON COMMUNITY HOSPITAL,1522,1522,WA128RB,WA12 8RB,357904,394545
RBSA2,ALDER PARK CHILD AND MENTAL HEALTH SERVICES,1500,1100,L26 9UH,L26  9UH,345152,384999
RBTAW,ELMHURST INTERMEDIATE CARE CENTRE,1461,1461,CW7 2DF,CW7  2DF,364575,366639
RBTORS,OTHER REPORTABLE SITES,9214,9214,CW1 4QJ,CW1  4QJ,368248,357940
RBVORS,OTHER REPORTABLE SITES,3855,3855,M20 4BX,M20  4BX,384807,392578
RBZ12,NORTH DEVON DISTRICT HOSPITAL,42759,42759,EX314JB,EX31 4JB,256506,134540
RBZ99,SOUTH MOLTON HOSPITAL,2263,2263,EX364DP,EX36 4DP,271086,125798
RBZORS,OTHER REPORTABLE SITES,12958,12838,EX314JB,EX31 4JB,256506,134540
RC110,BEDFORD HOSPITAL SOUTH WING,56442,54715,MK429DJ,MK42 9DJ,504661,248873
RC1ORS,OTHER REPORTABLE SITES,5054,5054,MK429DJ,MK42 9DJ,504661,248873
RCB05,ST MONICAS HOSPITAL,801,790,YO613JD,YO61 3JD,453087,469474
RCB55,YORK HOSPITAL,72679,72625,YO318HE,YO31 8HE,460168,452930
RCBCA,SCARBOROUGH HOSPITAL,41378,40985,YO126QL,YO12 6QL,502004,488471
RCBL8,MALTON AND NORTON HOSPITAL,3069,2937,YO177NG,YO17 7NG,478071,471925
RCBNH,BRIDLINGTON HOSPITAL,16938,14993,YO164QP,YO16 4QP,516810,467096
RCBORS,OTHER REPORTABLE SITES,17945,15893,YO318HE,YO31 8HE,460168,452930
RCBP9,WHITECROSS COURT,1443,1443,YO318JR,YO31 8JR,460676,453237
RCBTV,ST HELEN'S,1465,1460,YO241HD,YO24 1HD,458748,450095
RCD01,HARROGATE DISTRICT HOSPITAL,53673,53673,HG2 7SX,HG2  7SX,431726,455415
RCD02,RIPON COMMUNITY HOSPITAL,2323,2323,HG4 2PR,HG4  2PR,430990,471169
RCDORS,OTHER REPORTABLE SITES,10953,10953,HG2 7SX,HG2  7SX,431726,455415
RCF22,AIREDALE GENERAL HOSPITAL,64812,61648,BD206TD,BD20 6TD,402549,444650
RCUORS,OTHER REPORTABLE SITES,7810,7810,S10 2TH,S10  2TH,433981,387204
RCX70,THE QUEEN ELIZABETH HOSPITAL,52869,51657,PE304ET,PE30 4ET,565208,320473
RD102,CHIPPENHAM HOSPITAL,624,624,SN152AJ,SN15 2AJ,391292,172625
RD115,ROYAL NATIONAL HOSPITAL FOR RHEUMATIC DISEASES,6729,6729,BA1 1RL,BA1  1RL,374943,164863
RD1ORS,OTHER REPORTABLE SITES,1671,1671,BA1 3NG,BA1  3NG,372876,165920
RD304,POOLE HOSPITAL,84002,65472,BH152JB,BH15 2JB,401994,91374
RDDH0,BASILDON HOSPITAL,107143,104226,SS165NL,SS16 5NL,569975,187156
RDE03,IPSWICH HOSPITAL,96196,96196,IP4 5PD,IP4  5PD,619336,244656
RDE05,FELIXSTOWE HOSPITAL,951,951,IP117HJ,IP11 7HJ,630645,234796
RDE78,BLUEBIRD LODGE,1635,1635,IP3 9GJ,IP3  9GJ,619514,241367
RDE83,ALDEBURGH HOSPITAL,1757,1757,IP155ES,IP15 5ES,646062,256539
RDEORS,OTHER REPORTABLE SITES,23064,18331,CO4 5JL,CO4  5JL,599511,227486
RDR1L,ZACHARY MERTON HOSPITAL,1315,1315,BN162EE,BN16 2EE,505442,101956
RDR1R,ARUNDEL AND DISTRICT HOSPITAL,671,671,BN180AB,BN18 0AB,501087,107087
RDR2V,BOGNOR REGIS WAR MEMORIAL,3470,3470,PO229PP,PO22 9PP,493455,100147
RDR3E,CRAWLEY HOSPITAL,5118,5118,RH117DH,RH11 7DH,526266,136802
RDR3L,HORSHAM HOSPITAL,3831,3831,RH122DR,RH12 2DR,517536,131398
RDR4C,KLEINWORT REHABILITATION UNIT,697,697,RH164BE,RH16 4BE,532334,124007
RDRCK,UCKFIELD COMMUNITY HOSPITAL,653,653,TN225AW,TN22 5AW,547952,120614
RDRCR,CROWBOROUGH WAR MEMORIAL HOSPITAL,986,986,TN6 1HB,TN6  1HB,551314,130225
RDRLV,LEWES VICTORIA HOSPITAL,1059,1059,BN7 1PE,BN7  1PE,540421,110301
RDRORS,OTHER REPORTABLE SITES,34963,30540,BN2 3EW,BN2  3EW,532813,105128
RDU01,FRIMLEY PARK,80543,77806,GU167UJ,GU16 7UJ,487761,158591
RDU50,WEXHAM PARK HOSPITAL,75787,71618,SL2 4HL,SL2  4HL,499011,182419
RDU52,HEATHERWOOD HOSPITAL,23321,17539,SL5 8AA,SL5  8AA,491391,168722
RDY10,ST ANNS HOSPITAL,11429,10854,BH137LN,BH13 7LN,405233,88791
RDY12,ALUMHURST ROAD SITE,3968,3857,BH4 8EW,BH4  8EW,406844,90793
RDY22,ALDERNEY HOSPITAL,6427,6168,BH124NB,BH12 4NB,404260,94458
RDYEG,WESTHAVEN HOSPITAL,2381,2287,DT4 0QE,DT4  0QE,366133,79613
RDYEH,PORTLAND HOSPITAL,1436,1436,DT5 1AX,DT5  1AX,368592,74102
RDYEJ,BRIDPORT COMMUNITY HOSPITAL,8239,7789,DT6 5DR,DT6  5DR,345770,93838
RDYER,BLANDFORD COMMUNITY HOSPITAL,6113,5575,DT117DD,DT11 7DD,388274,107076
RDYEY,WESTMINSTER MEMORIAL HOSPITAL,2185,2041,SP7 8BD,SP7  8BD,386053,122834
RDYFC,YEATMAN HOSPITAL,6241,5818,DT9 3JU,DT9  3JU,363579,116821
RDYFD,WAREHAM COMMUNITY HOSPITAL,1832,1811,BH204QQ,BH20 4QQ,391849,87488
RDYFE,WIMBORNE COMMUNITY HOSPITAL,3613,3447,BH211ER,BH21 1ER,400384,100293
RDYFF,SWANAGE COMMUNITY HOSPITAL,1935,1851,BH192ES,BH19 2ES,402841,78422
RDYFG,ST LEONARDS COMMUNITY HOSPITAL,7268,3835,BH242RR,BH24 2RR,410200,101978
RDYKW,"LINDEN, WEYMOUTH",794,794,DT4 0QE,DT4  0QE,366133,79613
RDYORS,OTHER REPORTABLE SITES,37661,37661,BH1 4JQ,BH1  4JQ,411285,92195
RDYPC,MAIDEN CASTLE,1358,1358,DT1 2ER,DT1  2ER,368716,89704
RDZ05,CHRISTCHURCH HOSPITAL,7866,7866,BH232JX,BH23 2JX,414902,93972
RE922,ST BENEDICT'S HOSPICE (MONKWEARMOUTH HOSPITAL),3193,3193,SR2 0LS,SR2  0LS,440950,552600
RE9GA,SOUTH TYNESIDE DISTRICT HOSPITAL,50812,43697,NE340PL,NE34 0PL,436686,564214
RE9ORS,OTHER REPORTABLE SITES,23000,21773,NE340PL,NE34 0PL,436686,564214
REF01,WEST CORNWALL HOSPITAL,10984,10783,TR182PF,TR18 2PF,146846,30677
REF02,ST MICHAELS HOSPITAL,7792,6888,TR274JA,TR27 4JA,155616,36761
REFORS,OTHER REPORTABLE SITES,3468,3468,TR1 3LJ,TR1  3LJ,179781,45319
REM21,UNIVERSITY HOSPITAL AINTREE,128699,117588,L9  7AL,L9   7AL,338285,397024
REN20,CLATTERBRIDGE CANCER CENTRE WIRRELL,16688,14465,CH634JY,CH63 4JY,331896,382264
RENORS,OTHER REPORTABLE SITES,2460,2400,CH634JY,CH63 4JY,331896,382264
RET20,WALTON CENTRE FOR NEUROLOGY & NEUROSURGERY,28208,26265,L9  7LJ,L9   7LJ,338292,397032
RF4QH,QUEEN'S HOSPITAL,107315,84173,RM7 0AG,RM7  0AG,551118,187780
RFRORS,OTHER REPORTABLE SITES,5549,5279,S60 2UD,S60  2UD,443775,390997
RGD10,ASKET CROFT,2015,2015,LS141PP,LS14 1PP,434279,436353
RGD73,1-5 WOODLAND SQUARE,1577,1577,LS123UP,LS12 3UP,425577,433663
RGDAB,NEWSAM CENTRE,9224,9224,LS146UH,LS14 6UH,434941,434607
RGDAP,ASKET HOUSE,1168,1168,LS141PP,LS14 1PP,434279,436353
RGDORS,OTHER REPORTABLE SITES,20978,20978,LS158ZB,LS15 8ZB,437878,433543
RGDPL,PARKSIDE LODGE,1228,1228,LS122HE,LS12 2HE,427101,433744
RGDT5,CLIFTON HOUSE,4317,4317,YO305RA,YO30 5RA,458210,453896
RGDVE,MILL LODGE COMMUNITY UNIT,1256,1256,YO329QA,YO32 9QA,461555,455608
RGN80,PETERBOROUGH CITY HOSPITAL,95867,95867,PE3 9GZ,PE3  9GZ,516674,299847
RGNORS,OTHER REPORTABLE SITES,26502,8783,PE3 6DA,PE3  6DA,518324,298698
RGNZZ,HINCHINGBROOKE HOSPITAL,49095,48297,PE296NT,PE29 6NT,522564,272105
RGP75,JAMES PAGET HOSPITAL,59893,59893,NR316LA,NR31 6LA,652093,302477
RGPORS,OTHER REPORTABLE SITES,678,678,NR316LA,NR31 6LA,652093,302477
RGR44,NEWMARKET COMMUNITY HOSPITAL,2497,2497,CB8 7JG,CB8  7JG,563928,264126
RGR50,WEST SUFFOLK HOSPITAL,51995,51995,IP332QZ,IP33 2QZ,585110,262732
RH536,RYDON,2254,2254,TA2 7AZ,TA2  7AZ,322828,126526
RH572,ROWAN,3953,3953,BA202BX,BA20 2BX,354565,116545
RH5C5,BROADWAY HOUSE,3543,3543,TA6 5YA,TA6  5YA,330265,136931
RH5F1,WELLINGTON AND DISTRICT COTTAGE HOSPITAL,1378,1378,TA218QQ,TA21 8QQ,313925,120413
RH5F2,CHARD HOSPITAL,1693,1693,TA201NF,TA20 1NF,333088,108821
RH5F4,BURNHAM-ON-SEA WAR MEMORIAL HOSPITAL,1880,1880,TA8 1ED,TA8  1ED,330714,149316
RH5F5,MINEHEAD COMMUNITY HOSPITAL,4760,4760,TA246DF,TA24 6DF,297957,145560
RH5F6,WILLITON HOSPITAL,2422,2422,TA4 4RA,TA4  4RA,307572,141237
RH5F7,SHEPTON MALLET COMMUNITY HOSPITAL,1924,1924,BA4 4PG,BA4  4PG,360788,143634
RH5F9,CREWKERNE HOSPITAL,1300,1300,TA188BG,TA18 8BG,343960,109262
RH5G1,SOUTH PETHERTON HOSPITAL,3992,3992,TA135AR,TA13 5AR,343872,117395
RH5G2,WINCANTON COMMUNITY HOSPITAL,2643,2643,BA9 9DQ,BA9  9DQ,370790,128907
RH5G3,DENE BARTON COMMUNITY UNIT,2178,2178,TA4 1DD,TA4  1DD,317207,127135
RH5G5,FROME COMMUNITY HOSPITAL,4002,4002,BA112FH,BA11 2FH,378345,148728
RH5K6,BRIDGWATER COMMUNITY HOSPITAL,5311,5311,TA6 5AH,TA6  5AH,330163,136994
RH5ORS,OTHER REPORTABLE SITES,17693,16333,TA6 4RN,TA6  4RN,330515,139285
RH853,TIVERTON & DISTRICT HOSPITAL,3912,3912,EX166AN,EX16 6AN,295634,112802
RH859,VICTORIA HOSPITAL (SIDMOUTH),2031,2031,EX108EW,EX10 8EW,312515,87617
RH8ORS,OTHER REPORTABLE SITES,34375,31026,EX2 5DW,EX2  5DW,293730,91869
RHA04,RAMPTON HOSPITAL,71580,61123,DN220PD,DN22 0PD,477542,377676
RHABW,MILLBROOK UNIT,6324,6324,NG174JT,NG17 4JT,451140,360233
RHACA,BRACKEN HOUSE REHABILITATION UNIT,992,992,NG185QJ,NG18 5QJ,453191,360762
RHAFL,HOPEWOOD UNIT (CYPFT),5245,5245,NG5 3FL,NG5  3FL,457706,343977
RHALB,CHILDRENS DEVELOPMENT CENTRE  NOTTINGHAM CITY HOSPITAL,1502,1502,NG5 1PB,NG5  1PB,456588,344098
RHAORS,OTHER REPORTABLE SITES,67832,67832,NG3 6AA,NG3  6AA,458752,342793
RHM01,SOUTHAMPTON GENERAL HOSPITAL,206766,161659,SO166YD,SO16 6YD,439793,114993
RHM03,NEW FOREST BIRTH CENTRE,567,567,SO407AR,SO40 7AR,433695,110404
RHM12,PRINCESS ANNE HOSPITAL,23687,18912,SO165YA,SO16 5YA,439808,115242
RHM38,LYMINGTON HOSPITAL (PERIPHERAL CLINIC),1566,1566,SO419ZH,SO41 9ZH,431742,95830
RHMORS,OTHER REPORTABLE SITES,5148,5000,SO166YD,SO16 6YD,439793,114993
RHQ08,NEWFIELD,2381,1245,S2  3AY,S2   3AY,436019,384620
RHQ09,NORTHFIELD,1923,529,S6  3GP,S6   3GP,433838,387906
RHQ10,PEXTON GRANGE,2087,1404,S4  7DA,S4   7DA,436272,389640
RHQ12,WESTBOURNE HOUSE,2483,1827,S4  8FA,S4   8FA,437216,390130
RHQNP,BEECH HILL INTERMEDIATE CARE UNIT,2288,2052,S2  3QE,S2   3QE,435953,386167
RHQORS,OTHER REPORTABLE SITES,15026,12738,S10 2SJ,S10  2SJ,433695,387163
RHUORS,OTHER REPORTABLE SITES,14533,14043,PO6 3LY,PO6  3LY,465570,106054
RHWORS,OTHER REPORTABLE SITES,18946,12902,RG1 5AN,RG1  5AN,472411,172962
RJ144,PULROSS INTERMEDIATE CARE CENTRE,1700,1700,SW9 9NT,SW9  9NT,530496,175864
RJ1E0,MINNIE KIDD HOUSE,1001,1001,SW129NS,SW12 9NS,528948,174140
RJ1ORS,OTHER REPORTABLE SITES,23856,23414,SE1 7EH,SE1  7EH,530673,179346
RJ224,UNIVERSITY HOSPITAL LEWISHAM,74858,74089,SE136LH,SE13 6LH,537874,174681
RJ231,QUEEN ELIZABETH HOSPITAL,82483,77027,SE184QH,SE18 4QH,542461,177463
RJ2ORS,OTHER REPORTABLE SITES,6052,6052,SE136LH,SE13 6LH,537874,174681
RJ6ORS,OTHER REPORTABLE SITES,11936,11816,CR7 7YE,CR7  7YE,531688,167262
RJ701,ST GEORGE'S HOSPITAL,146670,127718,SW170QT,SW17 0QT,526927,171320
RJ731,ST GEORGES AT QUEEN MARY'S HOSPITAL,16065,16065,SW155PN,SW15 5PN,522261,174418
RJ801,ST AUSTELL COMMUNITY HOSPITAL,7072,6193,PL266AD,PL26 6AD,202772,51226
RJ805,HELSTON HOSPITAL,2637,2481,TR138DR,TR13 8DR,166574,26424
RJ809,ST MARY'S HOSPITAL,943,816,TR210LE,TR21 0LE,90746,10334
RJ810,LAUNCESTON HOSPITAL,1561,1429,PL159JD,PL15 9JD,233246,83602
RJ817,CAMBORNE REDRUTH COMMUNITY HOSPITAL,6690,6129,TR153ER,TR15 3ER,168705,41636
RJ842,FALMOUTH HOSPITAL,2410,2383,TR112JA,TR11 2JA,179649,32964
RJ863,LONGREACH HOUSE,3198,3198,TR153ER,TR15 3ER,168705,41636
RJ866,BODMIN HOSPITAL,9664,9180,PL312QT,PL31 2QT,205566,66670
RJ867,STRATTON HOSPITAL,1561,1561,EX239BR,EX23 9BR,222806,106489
RJ8A3,LISKEARD COMMUNITY HOSPITAL,4341,4182,PL143XD,PL14 3XD,226134,65288
RJ8ORS,OTHER REPORTABLE SITES,32405,21245,PL266AD,PL26 6AD,202772,51226
RJC02,WARWICK HOSPITAL,45656,45656,CV345BW,CV34 5BW,428525,265839
RJC03,STRATFORD HOSPITAL,8591,7961,CV376NX,CV37 6NX,419687,255264
RJC04,ELLEN BADGER HOSPITAL,2387,2387,CV364AX,CV36 4AX,425971,241010
RJC46,ROYAL LEAMINGTON SPA HOSPITAL,9334,9334,CV346SR,CV34 6SR,431460,263477
RJCORS,OTHER REPORTABLE SITES,10659,10659,CV345BW,CV34 5BW,428525,265839
RJE09,THE COUNTY HOSPITAL,46019,46019,ST163SA,ST16 3SA,393506,323754
RJEORS,OTHER REPORTABLE SITES,12492,12492,ST4 7LN,ST4  7LN,386711,345512
RJL30,"DIANA, PRINCESS OF WALES HOSPITAL",70485,69864,DN332BA,DN33 2BA,526243,407043
RJL31,GOOLE AND DISTRICT HOSPITAL,15102,13965,DN146RX,DN14 6RX,474348,424926
RJL32,SCUNTHORPE GENERAL HOSPITAL,55698,54648,DN157BH,DN15 7BH,488297,410936
RJLORS,OTHER REPORTABLE SITES,4086,4086,DN332BA,DN33 2BA,526243,407043
RJN63,CONGLETON WAR MEMORIAL HOSPITAL,2486,2486,CW123AR,CW12 3AR,386545,362341
RJN71,MACCLESFIELD DISTRICT GENERAL HOSPITAL,37214,37214,SK103BL,SK10 3BL,390687,373934
RJNORS,OTHER REPORTABLE SITES,4824,4780,SK103RL,SK10 3RL,389116,374266
RJR60,ELLESMERE PORT HOSPITAL,5705,5204,CH656SG,CH65 6SG,339335,374919
RJZ30,PRINCESS ROYAL UNIVERSITY HOSPITAL,60475,58140,BR6 8ND,BR6  8ND,543443,165032
RJZ70,ORPINGTON HOSPITAL,12980,12980,BR6 9JU,BR6  9JU,545961,164687
RJZORS,OTHER REPORTABLE SITES,16975,16975,SE5 9RS,SE5  9RS,532494,176068
RK5BC,KINGS MILL HOSPITAL,119383,118643,NG174JT,NG17 4JT,451140,360233
RK5BL,MANSFIELD COMMUNITY,6018,6018,NG185QJ,NG18 5QJ,453191,360762
RK5HP,NEWARK HOSPITAL,12681,12681,NG244DE,NG24 4DE,480092,352918
RK9ORS,OTHER REPORTABLE SITES,16369,16369,PL6 8DH,PL6  8DH,249930,59564
RKB03,HOSPITAL OF ST CROSS,20635,17582,CV225PX,CV22 5PX,450551,274394
RKBORS,OTHER REPORTABLE SITES,7028,7028,CV2 2DX,CV2  2DX,438289,280506
RKE54,SIMMONS HOUSE,1527,1527,N10 3HU,N10  3HU,528369,189224
RKEORS,OTHER REPORTABLE SITES,26848,25084,N19 5NF,N19  5NF,529078,186930
RKL48,CASSEL HOSPITAL,4358,1743,TW107JF,TW10 7JF,517708,171792
RKL4D,MAGNOLIA WARD (WLMHT),1221,1221,W5  4RN,W5   4RN,518188,178721
RKL51,BROADMOOR HOSPITAL,52896,45322,RG457EG,RG45 7EG,484954,164041
RKLORS,OTHER REPORTABLE SITES,23712,23049,UB1 3EU,UB1  3EU,514629,179928
RL131,ROBERT JONES & AGNES HUNT ORTHOPAEDIC HOSPITAL,35350,35183,SY107AG,SY10 7AG,330607,332361
RL403,NEW CROSS HOSPITAL,129203,129203,WV100QP,WV10 0QP,393625,300219
RL4CD,WEST PARK HOSPITAL,9411,9411,WV1 4PW,WV1  4PW,390527,298896
RL4ORS,OTHER REPORTABLE SITES,10714,10714,WV100QP,WV10 0QP,393625,300219
RL4TC,CANNOCK CHASE HOSPITAL,22603,22603,WS115XY,WS11 5XY,398028,310618
RLNORS,OTHER REPORTABLE SITES,8756,7321,SR2 9HP,SR2  9HP,439800,555100
RLQORS,OTHER REPORTABLE SITES,10299,10299,HR1 2ER,HR1  2ER,351710,240083
RLT01,GEORGE ELIOT HOSPITAL,51996,50388,CV107DJ,CV10 7DJ,435493,290649
RLTORS,OTHER REPORTABLE SITES,3185,3185,CV107DJ,CV10 7DJ,435493,290649
RLYORS,OTHER REPORTABLE SITES,7354,7090,ST2 8LD,ST2  8LD,391070,347911
RM1ORS,OTHER REPORTABLE SITES,21003,21003,NR4 7UY,NR4  7UY,618153,307069
RMC54,DARLEY COURT INTERMEDIATE CARE CENTRE,1748,1748,BL1 3EJ,BL1  3EJ,370429,410512
RMP07,STAMFORD UNIT,5236,5236,OL6 6RL,OL6  6RL,395320,399379
RMPORS,OTHER REPORTABLE SITES,9935,9935,OL6 9RW,OL6  9RW,395358,399427
RMY03,NORTHGATE HOSPITAL,7831,6359,NR301BU,NR30 1BU,652623,308699
RMY13,CARLTON COURT,6329,5940,NR338AG,NR33 8AG,651272,290355
RMYNG,WOODLANDS - MENTAL HEALTH SERVICES,5472,4678,IP4 5PD,IP4  5PD,619336,244656
RMYNR,WEDGEWOOD - MENTAL HEALTH SERVICES,6187,5615,IP332QZ,IP33 2QZ,585110,262732
RMYNX,FOXHALL HOUSE,968,922,IP3 8LS,IP3  8LS,619002,243947
RMYORS,OTHER REPORTABLE SITES,27417,26199,NR6 5BE,NR6  5BE,619952,311828
RMYWA,FERMOY UNIT,4120,3654,PE304ET,PE30 4ET,565208,320473
RN3ORS,OTHER REPORTABLE SITES,6462,6462,SN3 6BB,SN3  6BB,419017,182216
RN3ZZ,SWINDON INTERMEDIATE CARE CENTRE,2544,2141,SN3 6BW,SN3  6BW,419105,182247
RN506,NORTH HAMPSHIRE HOSPITAL,64285,62283,RG249NA,RG24 9NA,462177,153875
RN541,ROYAL HAMPSHIRE COUNTY HOSPITAL,57685,52788,SO225DG,SO22 5DG,447107,129366
RN542,ANDOVER WAR MEMORIAL HOSPITAL,8118,7998,SP103LB,SP10 3LB,435390,146403
RN5ORS,OTHER REPORTABLE SITES,700,700,RG249NA,RG24 9NA,462177,153875
RN7EC,ELM COURT,972,972,DA2 6EG,DA2  6EG,556293,173542
RN7ORS,OTHER REPORTABLE SITES,560,560,DA2 8DA,DA2  8DA,557094,173081
RN7QM,QUEEN MARY'S HOSPITAL SIDCUP,7183,7183,DA146LT,DA14 6LT,546234,170987
RNAORS,OTHER REPORTABLE SITES,5817,5817,DY1 2HQ,DY1  2HQ,392052,289456
RNKORS,OTHER REPORTABLE SITES,10973,9849,NW3 5BA,NW3  5BA,526613,184689
RNLBX,WEST CUMBERLAND HOSPITAL,64340,59955,CA288JG,CA28 8JG,298940,516115
RNN42,WORKINGTON COMMUNITY HOSPITAL,3963,3963,CA142UN,CA14 2UN,300134,528016
RNNBD,"MARY HEWETSON COTTAGE HOSPITAL, KESWICK",2054,1749,CA125PH,CA12 5PH,326473,524101
RNNBE,PENRITH HOSPITAL,7959,6245,CA118HX,CA11 8HX,352146,529354
RNNBX,"YEWDALE WARD, WEST CUMBERLAND HOSPITAL",4421,4421,CA288JG,CA28 8JG,298940,516115
RNNCB,COCKERMOUTH COTTAGE HOSPITAL,1137,1137,CA139HT,CA13 9HT,312472,531040
RNNFH,"DOVA UNIT, FURNESS GENERAL HOSPITAL",4030,4030,LA144LF,LA14 4LF,321179,471847
RNNORS,OTHER REPORTABLE SITES,23581,21563,CA1 3SX,CA1  3SX,343390,553709
RNNWG,"KENTMERE WARD, WESTMORLAND GENERAL HOSPITAL",1851,1851,LA9 7RG,LA9  7RG,352432,490370
RNQ51,KETTERING GENERAL HOSPITAL,76465,73227,NN168UZ,NN16 8UZ,485731,279053
RNU80,"COTSWOLD HOUSE, SAVANAKE HOSPITAL",658,658,OX4 4XN,OX4  4XN,453327,202358
RNU92,"MARLBOROUGH HOUSE, EAGLESTONE",2279,2279,MK6 5NG,MK6  5NG,486836,237194
RNUAL,SWINDON COMMUNITY & INPATIENT CHILD & ADOLESCENT MENTAL HEALTH,2205,2205,SN1 4JS,SN1  4JS,414152,183494
RNUCE,BICESTER COMMUNITY HOSPITAL,2116,704,OX266DU,OX26 6DU,458013,222403
RNUCK,DIDCOT COMMUNITY HOSPITAL,1146,960,OX110AG,OX11 0AG,451337,189769
RNUDJ,WALLINGFORD COMMUNITY HOSPITAL,2441,2441,OX109DU,OX10 9DU,460480,188876
RNUDM,WITNEY COMMUNITY HOSPITAL,2945,2822,OX286JJ,OX28 6JJ,435285,209984
RNUDQ,ABINGDON COMMUNITY HOSPITAL,4286,4286,OX141AG,OX14 1AG,448375,197036
RNUGP,WHITELEAF CENTRE,7944,7944,HP201EG,HP20 1EG,482631,214209
RNUORS,OTHER REPORTABLE SITES,28942,27559,OX3 7JX,OX3  7JX,453782,206080
RP1A1,ST. MARY'S HOSPITAL,13702,13702,NN157PW,NN15 7PW,487047,278110
RP1A2,MANFIELD HEALTH CAMPUS,3618,3618,NN3 6NP,NN3  6NP,477684,263655
RP1F2,ISEBROOK HOSPITAL,7322,7322,NN8 1LP,NN8  1LP,489885,267432
RP1J6,DANETRE HOSPITAL,7345,7345,NN114DY,NN11 4DY,457381,261872
RP1JG,JOHN GREENWOOD SHIPMAN CENTRE,851,851,NN3 8UW,NN3  8UW,479510,264191
RP1N8,CORBY COMMUNITY HOSPITAL,3865,3865,NN172UN,NN17 2UN,487632,288934
RP1ORS,OTHER REPORTABLE SITES,18453,16318,NN157PW,NN15 7PW,487047,278110
RP1P6,CRANSLEY HOSPICE,641,641,NN157PW,NN15 7PW,487047,278110
RP1V4,BERRYWOOD HOSPITAL,13948,13948,NN5 6GQ,NN5  6GQ,471044,261260
RP1V6,THE SETT,949,949,NN5 6UH,NN5  6UH,471298,263229
RP401,GREAT ORMOND STREET HOSPITAL,111955,105957,WC1N3JH,WC1N 3JH,530533,182041
RP5ORS,OTHER REPORTABLE SITES,2352,2352,DN2 5LT,DN2  5LT,459154,404161
RP601,MOORFIELDS EYE HOSPITAL,47196,32412,EC1V2PD,EC1V 2PD,532602,182655
RP6ORS,OTHER REPORTABLE SITES,12420,8041,EC1V2PD,EC1V 2PD,532602,182655
RP701,MENTAL HEALTH UNIT FOR OLDER PEOPLE - ROCHFORD UNIT,798,798,PE219QS,PE21 9QS,533673,345607
RP706,ASHLEY HOUSE,608,608,NG319DF,NG31 9DF,492172,335819
RP768,DISCOVERY HOUSE,6989,6989,LN1 1EQ,LN1  1EQ,496132,373119
RP7DC,MAPLE LODGE,726,726,PE210AX,PE21 0AX,534534,343255
RP7LA,PILGRIM HOSPITAL,3489,3489,PE219QS,PE21 9QS,533673,345607
RP7LP,MANTHORPE CENTRE,1314,1314,NG318DG,NG31 8DG,491486,336828
RP7MA,ASH VILLA,1330,1330,NG348QA,NG34 8QA,503794,343890
RP7ORS,OTHER REPORTABLE SITES,18375,18375,LN4 2HN,LN4  2HN,497575,367955
RP7ZA,THE HARTSHOLME CENTRE,725,725,LN1 1EJ,LN1  1EJ,496312,372792
RPAORS,OTHER REPORTABLE SITES,1886,1886,ME7 5NY,ME7  5NY,577004,167601
RPC04,QUEEN VICTORIA HOSPITAL,25382,24965,RH193DZ,RH19 3DZ,539823,139207
RPGAB,BRACTON CENTRE,8183,8183,DA2 7WG,DA2  7WG,551263,172887
RPGAE,OXLEAS HOUSE,4756,4756,SE184QH,SE18 4QH,542461,177463
RPGAG,MEMORIAL HOSPITAL,10269,10269,SE183RZ,SE18 3RZ,543459,176423
RPGHF,QUEEN MARY'S HOSPITAL,19692,11544,DA146LT,DA14 6LT,546234,170987
RPGHP,ELTHAM COMMUNITY HOSPITAL,4266,4266,SE9 5DQ,SE9  5DQ,542804,174329
RPGORS,OTHER REPORTABLE SITES,22862,22862,DA2 7WG,DA2  7WG,551263,172887
RPYORS,OTHER REPORTABLE SITES,5305,5305,SW3 6JJ,SW3  6JJ,526969,178429
RQ370,BIRMINGHAM WOMEN'S HOSPITAL,29354,22072,B15 2TG,B15  2TG,403977,283921
RQ3ORS,OTHER REPORTABLE SITES,9042,9042,B4  6NH,B4   6NH,407312,287447
RQ8RR,BRAINTREE COMMUNITY HOSPITAL,4300,4300,CM7 2QU,CM7  2QU,575006,223165
RQM01,CHELSEA & WESTMINSTER HOSPITAL,85503,66517,SW109NH,SW10 9NH,526356,177718
RQM91,WEST MIDDLESEX UNIVERSITY HOSPITAL,48846,45678,TW7 6AF,TW7  6AF,516469,176296
RQWG0,PRINCESS ALEXANDRA HOSPITAL,60727,60727,CM201QX,CM20 1QX,543989,210152
RQWORS,OTHER REPORTABLE SITES,6292,6292,CM201QX,CM20 1QX,543989,210152
RQX41,MARY SEACOLE NURSING HOME,2448,2448,E9  6SR,E9   6SR,535570,185336
RQXORS,OTHER REPORTABLE SITES,2054,2054,E9  6SR,E9   6SR,535570,185336
RQY01,SPRINGFIELD UNIVERSITY HOSPITAL,56132,36634,SW177DJ,SW17 7DJ,527130,172513
RQY07,QUEEN MARY'S HOSPITAL,5183,4547,SW155PN,SW15 5PN,522261,174418
RQYORS,OTHER REPORTABLE SITES,13666,11808,SW177DJ,SW17 7DJ,527130,172513
RR7ORS,OTHER REPORTABLE SITES,13658,12429,NE9 6SX,NE9  6SX,426956,560604
RR807,WHARFEDALE GENERAL HOSPITAL,6548,6548,LS212LY,LS21 2LY,419764,446509
RR8ORS,OTHER REPORTABLE SITES,31403,30330,LS9 7TF,LS9  7TF,431684,434615
RRE11,ST.GEORGES HOSPITAL,19337,18068,ST163AG,ST16 3AG,392648,323721
RRE2I,HAYWOOD HOSPITAL,16684,15016,ST6 7AG,ST6  7AG,387268,351094
RREEH,"MYTTON OAK COMMUNITY UNIT, SHREWSBURY",921,857,SY3 8XQ,SY3  8XQ,346474,312695
RREORS,OTHER REPORTABLE SITES,79745,70796,ST163AG,ST16 3AG,392648,323721
RRERS,REDWOODS CENTRE SHREWSBURY,11449,10583,SY3 8DS,SY3  8DS,346202,312824
RRFORS,OTHER REPORTABLE SITES,25281,13766,WN1 2NN,WN1  2NN,358424,406975
RRK97,HEARTLANDS HOSPITAL,94959,93079,B9  5SS,B9   5SS,411645,286935
RRK98,GOOD HOPE HOSPITAL,66113,64052,B75 7RR,B75  7RR,412837,296632
RRK99,SOLIHULL HOSPITAL,39947,39056,B91 2JL,B91  2JL,415443,279927
RRKORS,OTHER REPORTABLE SITES,44436,38280,B15 2PR,B15  2PR,404832,286162
RRP09,BARNET GENERAL HOSPITAL,4983,4805,EN5 3DJ,EN5  3DJ,523647,196169
RRP47,ST MICHAEL'S HOSPITAL,3533,3524,EN2 0JB,EN2  0JB,532589,197664
RRPORS,OTHER REPORTABLE SITES,4798,4692,N15 3TH,N15  3TH,532294,188587
RRUORS,OTHER REPORTABLE SITES,77398,77398,E3  3PA,E3   3PA,537822,182091
RRVNQ,NATIONAL HOSPITAL NEUROLOGY/NEUROSURGERY,32501,29936,WC1N3BG,WC1N 3BG,530389,182033
RRVORS,OTHER REPORTABLE SITES,66402,59867,NW1 2PG,NW1  2PG,529310,182402
RRVRN,"ROYAL NATIONAL THROAT, NOSE & EAR HOSPITAL",11460,10533,WC1X8DA,WC1X 8DA,530564,182820
RT11A,BROOKFIELDS HOSPITAL,2583,2583,CB1 3DF,CB1  3DF,547097,257612
RT11C,CITY CARE CENTRE,3885,3232,PE3 6DB,PE3  6DB,518100,298789
RT182,NORTH CAMBRIDGESHIRE HOSPITAL,2022,2022,PE133AB,PE13 3AB,546435,309666
RT199,CAVELL CENTRE - MENTAL HEALTH UNT,9164,9164,PE3 9GZ,PE3  9GZ,516674,299847
RT1ORS,OTHER REPORTABLE SITES,23556,22819,PE296FH,PE29 6FH,522094,272558
RT204,BIRCH HILL HOSPITAL,13309,12286,OL129QB,OL12 9QB,392072,415979
RT243,STANSFIELD PLACE,717,665,OL165PX,OL16 5PX,390987,413219
RT2C1,BUTLER GREEN,1556,1461,OL9 8LG,OL9  8LG,390250,403560
RT2C3,BEALEY COMMUNITY,797,721,M26 2QD,M26  2QD,379613,407727
RT2ORS,OTHER REPORTABLE SITES,23381,20730,OL6 9RW,OL6  9RW,395358,399427
RT5KE,STEWART HOUSE,2998,2998,LE194LN,LE19 4LN,453390,298621
RT5NH,AGNES CENTRE,2674,2674,LE7 7GX,LE7  7GX,455809,307583
RT5ORS,OTHER REPORTABLE SITES,43045,43045,LE5 0TD,LE5  0TD,461756,306155
RT5PC,RUTLAND MEMORIAL HOSPITAL,2855,2855,LE156NT,LE15 6NT,485465,308869
RT5PD,LOUGHBOROUGH COMMUNITY HOSPITAL (EPINAL WAY),9283,9283,LE115JY,LE11 5JY,452317,319803
RT5PE,COALVILLE COMMUNITY HOSPITAL,4941,4941,LE674DE,LE67 4DE,444009,314113
RT5YE,FIELDING PALMER HOSPITAL,813,813,LE174DZ,LE17 4DZ,454606,284736
RT5YF,HINCKLEY AND BOSWORTH HOSPITAL,4469,4469,LE103DA,LE10 3DA,442641,295982
RT5YH,MELTON MOWBRAY HOSPITAL,1186,1186,LE131SJ,LE13 1SJ,475850,319295
RT5YL,ST LUKE'S HOSPITAL,1799,1799,LE167BN,LE16 7BN,472680,288236
RTDORS,OTHER REPORTABLE SITES,63908,53172,NE7 7DN,NE7  7DN,426108,567654
RTE01,CHELTENHAM GENERAL HOSPITAL,57789,57789,GL537AN,GL53 7AN,395150,221510
RTEORS,OTHER REPORTABLE SITES,10457,10457,GL537AG,GL53 7AG,395243,221390
RTF86,NORTHUMBRIA SPECIALIST EMERGENCY CARE HOSPITAL,30654,30459,NE236NZ,NE23 6NZ,427587,575599
RTFDH,BERWICK INFIRMARY,6206,6199,TD151LT,TD15 1LT,399786,653328
RTFDJ,ALNWICK INFIRMARY,4791,4780,NE662NS,NE66 2NS,419269,613043
RTFDR,HEXHAM GENERAL HOSPITAL,21038,18807,NE461QJ,NE46 1QJ,393972,563976
RTFDU,HALTWHISTLE WAR MEMORIAL HOSPITAL,2876,1438,NE499AJ,NE49 9AJ,370462,564041
RTFDX,BLYTH COMMUNITY HOSPITAL,5800,5706,NE241DX,NE24 1DX,431029,581607
RTFED,WANSBECK GENERAL HOSPITAL,35765,35396,NE639JJ,NE63 9JJ,428969,587874
RTFFS,NORTH TYNESIDE GENERAL HOSPITAL,56874,55899,NE298NH,NE29 8NH,434151,570208
RTFORS,OTHER REPORTABLE SITES,48673,44164,NE298NH,NE29 8NH,434151,570208
RTG02,QUEENS HOSPITAL BURTON,67992,66563,DE130RB,DE13 0RB,423255,324526
RTG50,SIR ROBERT PEEL COMMUNITY HOSPITAL,5467,5467,B78 3NG,B78  3NG,418791,302580
RTG54,SAMUEL JOHNSON COMMUNITY HOSPITAL,5393,5393,WS136EF,WS13 6EF,412571,309821
RTGFG,ROYAL DERBY HOSPITAL,182888,182888,DE223NE,DE22 3NE,432813,334886
RTH05,HORTON HOSPITAL,31710,28966,OX169AL,OX16 9AL,445545,239765
RTHORS,OTHER REPORTABLE SITES,9610,5338,OX3 9DU,OX3  9DU,453940,207531
RTK01,ST PETER'S HOSPITAL,62245,56872,KT160PZ,KT16 0PZ,502611,165338
RTK02,ASHFORD HOSPITAL,25167,24043,TW153AA,TW15 3AA,506233,172776
RTQ01,CHARLTON LANE,6193,6193,GL539DZ,GL53 9DZ,395025,220279
RTQ13,"HONEYBOURNE, CHELTENHAM",614,614,GL519EZ,GL51 9EZ,394424,223207
RTQG1,LAUREL HOUSE CHELTENHAM,909,909,GL504NB,GL50 4NB,394465,223198
RTQHJ,STONEBOW UNIT,3473,3473,HR1 2BN,HR1  2BN,351610,240275
RTQHM,OAK HOUSE,542,542,HR4 0AY,HR4  0AY,350509,239716
RTQORS,OTHER REPORTABLE SITES,18423,17886,GL1 1LY,GL1  1LY,383246,218010
RTR03,EAST CLEVELAND HOSPITAL,2142,2142,TS122FF,TS12 2FF,468872,519413
RTR07,FRIARY HOSPITAL,1346,1346,DL104UJ,DL10 4UJ,417083,501080
RTR18,REDCAR PRIMARY CARE HOSPITAL,3428,3428,TS104NW,TS10 4NW,460259,523077
RTRORS,OTHER REPORTABLE SITES,8715,8715,TS4 3BW,TS4  3BW,450885,517673
RTV2M,ATHERLEIGH PARK,7884,7884,WN7 1YN,WN7  1YN,365343,400633
RTVORS,OTHER REPORTABLE SITES,21608,21608,WA2 8WA,WA2  8WA,359775,392697
RTX02,ROYAL LANCASTER INFIRMARY,55882,55441,LA1 4RP,LA1  4RP,347761,461046
RTXBU,FURNESS GENERAL HOSPITAL,44985,44985,LA144LF,LA14 4LF,321179,471847
RTXKM,MILLOM HOSPITAL,1500,1500,LA184BY,LA18 4BY,317396,479987
RTXORS,OTHER REPORTABLE SITES,8949,8184,LA9 7RG,LA9  7RG,352432,490370
RV312,PARK ROYAL CENTRE FOR MENTAL HEALTH,6907,6907,NW107NS,NW10 7NS,520157,182756
RV314,FAIRLIGHT AVENUE COMMUNITY REHABILITATION UNIT,416,416,NW108AL,NW10 8AL,521274,183319
RV332,SOUTH KENSINGTON & CHELSEA MHC,3835,3835,SW109NG,SW10 9NG,526453,177722
RV346,GORDON HOSPITAL,5912,5812,SW1V2RH,SW1V 2RH,529517,178691
RV351,HORTON REHABILITATION SERVICE,4277,4277,KT197HA,KT19 7HA,519541,162066
RV3AN,HILLINGDON HOSPITAL MHU,9592,9592,UB8 3NN,UB8  3NN,506850,181918
RV3CA,KINGSWOOD CENTRE,2675,2675,NW9 9QY,NW9  9QY,519119,189326
RV3CX,1 BEATRICE PLACE,1437,1437,W8  5LW,W8   5LW,525631,179075
RV3DY,ST PANCRAS HOSPITAL,3886,3886,NW1 0PE,NW1  0PE,529678,183626
RV3HA,TOPAS,760,760,MK2 3QH,MK2  3QH,487599,232038
RV3HD,CAMPBELL CENTRE,2809,2809,MK6 5LD,MK6  5LD,486836,237194
RV3HE,WINDSOR INTERMEDIATE CARE UNIT,817,817,MK3 6EN,MK3  6EN,486078,233959
RV3ORS,OTHER REPORTABLE SITES,53953,53953,NW1 7QY,NW1  7QY,529135,183255
RV509,"LADYWELL UNIT, LEWISHAM HOSPITAL",8098,7525,SE136LH,SE13 6LH,537874,174681
RV52C,WOODLAND HOUSE,3152,2875,TN120LB,TN12 0LB,578431,143257
RV581,1-5 HEATHER CLOSE,1785,1666,SE136UG,SE13 6UG,538715,173970
RV5A3,"ANN MOSS DOMUS, 1 ANN MOSS WAY",687,650,SE162TL,SE16 2TL,535110,179306
RV5C5,GREENVALE NURSING HOME,1656,1563,SW163BS,SW16 3BS,530344,170612
RV5ORS,OTHER REPORTABLE SITES,33116,28058,BR3 3BX,BR3  3BX,537255,166146
RV91T,MALTON HOSPITAL,1181,1181,YO177NG,YO17 7NG,478071,471925
RV91W,WHITBY COMMUNITY HOSPITAL,6505,6505,YO211EE,YO21 1EE,489783,510782
RV929,"GRANVILLE COURT NURSING HOME, HORNSEA",693,693,HU181NQ,HU18 1NQ,520658,448372
RV936,HUMBER CENTRE FORENSIC UNIT,6546,6546,HU106ED,HU10 6ED,502617,431748
RV941,HAWTHORNE COURT,1320,1320,HU177BZ,HU17 7BZ,503222,439920
RV942,MILL VIEW,1634,1634,HU165JQ,HU16 5JQ,502572,432277
RV946,GREENTREES LODGE,1586,1586,HU106ED,HU10 6ED,502617,431748
RV9ORS,OTHER REPORTABLE SITES,31461,28336,HU106ED,HU10 6ED,502617,431748
RVJ01,SOUTHMEAD HOSPITAL,169628,169237,BS105NB,BS10 5NB,359067,177484
RVJ21,COSSHAM HOSPITAL,5526,5526,BS151LF,BS15 1LF,364246,174562
RVJORS,OTHER REPORTABLE SITES,8141,8141,BS161LE,BS16 1LE,363414,177650
RVN3N,SOUTHMEAD,6075,5425,BS105NB,BS10 5NB,359067,177484
RVN3Q,BLACKBERRY HILL,14202,13550,BS162EW,BS16 2EW,362680,176159
RVN4B,LONG FOX,5211,4411,BS234TQ,BS23 4TQ,332406,158585
RVN4M,ELHAM WAY,587,587,BS247AY,BS24 7AY,336475,161932
RVN5J,"HANHAM HALL, BRISTOL",1115,1115,BS153HY,BS15 3HY,364512,171746
RVN6A,GREEN LANE,6492,5992,SN105DS,SN10 5DS,401399,160007
RVNCE,VICTORIA CENTRE,2867,2867,SN3 6BW,SN3  6BW,419105,182247
RVNDF,RIVERSIDE BRISTOL,824,824,BS161EG,BS16 1EG,362783,176320
RVNEQ,CALLINGTON ROAD HOSPITAL,12095,11295,BS4 5BJ,BS4  5BJ,361336,170399
RVNORS,OTHER REPORTABLE SITES,17029,16706,SN151GG,SN15 1GG,392535,174406
RVR50,EPSOM GENERAL HOSPITAL,46913,46503,KT187EG,KT18 7EG,520413,159906
RVRORS,OTHER REPORTABLE SITES,8336,8336,KT187EG,KT18 7EG,520413,159906
RVV01,WILLIAM HARVEY HOSPITAL,61819,58199,TN240LZ,TN24 0LZ,604090,142068
RVVORS,OTHER REPORTABLE SITES,14906,13953,CT1 3NG,CT1  3NG,615456,156464
RVWAA,UNIVERSITY HOSPITAL OF HARTLEPOOL,38303,31802,TS249AH,TS24 9AH,449858,534426
RVWAE,UNIVERSITY HOSPITAL OF NORTH TEES,80218,80218,TS198PE,TS19 8PE,442265,521046
RVWORS,OTHER REPORTABLE SITES,5212,5212,TS249AH,TS24 9AH,449858,534426
RVYORS,OTHER REPORTABLE SITES,3385,3385,L39 2AZ,L39  2AZ,342392,407909
RW119,MELBURY LODGE,3240,3240,SO225DL,SO22 5DL,446991,129431
RW121,LEIGH HOUSE,2449,2449,SO211HL,SO21 1HL,452382,129454
RW133,CROWLIN HOUSE,956,956,SO402RA,SO40 2RA,433983,114029
RW134,FOREST LODGE,765,765,SO152JX,SO15 2JX,441798,113616
RW148,RAVENSWOOD,6186,6186,PO175NA,PO17 5NA,456396,109661
RW154,MOORGREEN HOSPITAL,4100,4100,SO303JB,SO30 3JB,447648,114573
RW155,WESTERN COMMUNITY HOSPITAL,2091,2091,SO164XE,SO16 4XE,439031,114123
RW158,GOSPORT WAR MEMORIAL HOSPITAL,10906,10906,PO123PW,PO12 3PW,460142,99623
RW16L,BLUEBIRD HOUSE,3419,3419,SO402RZ,SO40 2RZ,433122,114755
RW170,PETERSFIELD HOSPITAL,5205,5205,GU323LB,GU32 3LB,474303,123254
RW178,FORDINGBRIDGE HOSPITAL,1193,1193,SP6 1JD,SP6  1JD,414630,114312
RW190,WOODHAVEN,2716,2716,SO402TA,SO40 2TA,433448,114792
RW194,ALTON COMMUNITY HOSPITAL,3540,3540,GU341RJ,GU34 1RJ,470796,138324
RW1AC,PARKLANDS HOSPITAL,6179,6179,RG249RH,RG24 9RH,462004,154107
RW1AR,SOUTHFIELD,1513,1513,SO402RZ,SO40 2RZ,433122,114755
RW1FY,ROMSEY HOSPITAL,1887,1887,SO517ZA,SO51 7ZA,436452,121535
RW1GE,ANTELOPE HOUSE,6216,6216,SO140YG,SO14 0YG,442484,112720
RW1ORS,OTHER REPORTABLE SITES,30000,30000,SO402RZ,SO40 2RZ,433122,114755
RW1YM,LYMINGTON HOSPITAL,9405,9405,SO418QD,SO41 8QD,432149,96711
RW41E,CLOCK VIEW HOSPITAL,5794,5794,L9  1EP,L9   1EP,335745,395360
RW41K,BRAIN INJURY REHABILITATION (SID WATKINS UNIT),917,857,L9  7BB,L9   7BB,338141,397180
RW41P,CALDERSTONES HOSPITAL,29533,23772,BB7 9PE,BB7  9PE,372212,437131
RW4ORS,OTHER REPORTABLE SITES,47210,42480,L3  1DL,L3   1DL,333685,390551
RW5AQ,LONGRIDGE COMMUNITY HOSPITAL,1760,1615,PR3 3WQ,PR3  3WQ,360103,437493
RW5CA,BURNLEY GENERAL MH,4174,4174,BB102PQ,BB10 2PQ,385092,434928
RW5KM,THE HARBOUR,12840,12840,FY4 4XQ,FY4  4XQ,335189,433804
RW5LY,THE COVE,1475,1475,LA3 2SL,LA3  2SL,341704,460363
RW5MQ,THE ORCHARD,1691,1691,LA1 4JJ,LA1  4JJ,347404,459869
RW5ORS,OTHER REPORTABLE SITES,100343,99478,PR5 6AW,PR5  6AW,357933,424968
RW5WH,RIBBLEMERE UNIT (FORMERLY CHORLEY OLDER ADULT CMHT),865,865,PR7 1PP,PR7  1PP,358123,419005
RW602,NORTH MANCHESTER,96883,88447,M8  5RB,M8   5RB,384880,402381
RW604,ROCHDALE INFIRMARY,28201,27466,OL120NB,OL12 0NB,389505,414206
RW605,BIRCH HILL HOSPITAL,1516,1516,OL129QB,OL12 9QB,392072,415979
RWA16,CASTLE HILL HOSPITAL,88637,87296,HU165JQ,HU16 5JQ,502572,432277
RWAORS,OTHER REPORTABLE SITES,5256,5256,HU3 2JZ,HU3  2JZ,508378,428777
RWDLA,PILGRIM HOSPITAL,57513,57414,PE219QS,PE21 9QS,533673,345607
RWDLP,GRANTHAM HOSPITAL,26910,24740,NG318DG,NG31 8DG,491486,336828
RWDORS,OTHER REPORTABLE SITES,6870,6870,LN2 4AX,LN2  4AX,498693,371937
RWF03,MAIDSTONE GENERAL HOSPITAL,54624,54624,ME169QQ,ME16 9QQ,573362,155654
RWFORS,OTHER REPORTABLE SITES,13664,12422,TN2 4QJ,TN2  4QJ,561489,141330
RWFTW,THE TUNBRIDGE WELLS HOSPITAL,63517,63517,TN2 4QJ,TN2  4QJ,561489,141330
RWG02,WATFORD GENERAL HOSPITAL,66200,66200,WD180HB,WD18 0HB,510505,195664
RWGORS,OTHER REPORTABLE SITES,775,775,WD1 8HB,WD1  8HB,510485,195678
RWHORS,OTHER REPORTABLE SITES,17850,17850,SG1 4AB,SG1  4AB,522999,226630
RWK1R,CEDAR HOUSE,1074,1074,E7  8QP,E7   8QP,541797,184426
RWK2K,TOWNSEND COURT,1132,1132,LU5 5BF,LU5  5BF,501504,223227
RWK2X,CALNWOOD COURT,4711,4711,LU4 0FB,LU4  0FB,505047,223195
RWK85,"RECOVERY UNIT, WOLFSON HOUSE",5000,5000,N4  2ES,N4   2ES,532131,187269
RWK89,EAST HAM CARE CENTRE,6676,6676,E7  8QP,E7   8QP,541797,184426
RWKJD,FOUNTAINS COURT,1091,1091,MK402NT,MK40 2NT,505497,250408
RWKORS,OTHER REPORTABLE SITES,34889,34889,E1  6LP,E1   6LP,533854,181474
RWP31,KIDDERMINSTER HOSPITAL,30741,25145,DY116RJ,DY11 6RJ,382322,276478
RWPORS,OTHER REPORTABLE SITES,6631,6631,WR5 1DD,WR5  1DD,387713,254788
RWR45,PROSPECT HOUSE,1305,1305,WD173XE,WD17 3XE,510403,196714
RWR47,SEWARD LODGE,1204,1204,SG137HX,SG13 7HX,533903,213026
RWRA9,THUMBSWOOD,529,529,AL7 4HQ,AL7  4HQ,525112,210905
RWRF3,LITTLE PLUMSTEAD HOSPITAL - ASTLEY COURT,3893,3893,NR135EW,NR13 5EW,630751,310875
RWRG7,LEXDEN HOSPITAL,2862,2862,CO3 4DB,CO3  4DB,596558,225246
RWRG9,THE BEACON,617,617,AL3 4AU,AL3  4AU,513699,206496
RWRORS,OTHER REPORTABLE SITES,22982,22982,AL3 5TL,AL3  5TL,514272,208322
RWRPS,KINGFISHER COURT,8524,8524,WD7 9HQ,WD7  9HQ,517291,201935
RWV12,NORTH DEVON DISTRICT HOSPITAL,3138,3138,EX314JB,EX31 4JB,256506,134540
RWVORS,OTHER REPORTABLE SITES,16634,16634,EX2 5AF,EX2  5AF,293754,91723
RWX51,PROSPECT PARK HOSPITAL,16342,16342,RG304EJ,RG30 4EJ,468563,172700
RWX70,WOKINGHAM HOSPITAL,5955,5947,RG412RE,RG41 2RE,480385,168540
RWX86,WEST BERKSHIRE COMMUNITY HOSPITAL,4165,4165,RG183AS,RG18 3AS,449358,167721
RWXORS,OTHER REPORTABLE SITES,18830,18206,RG121XN,RG12 1XN,486900,169400
RWYORS,OTHER REPORTABLE SITES,17859,14899,HD3 3EA,HD3  3EA,412236,417680
RX1CC,NOTTINGHAM CITY HOSPITAL,153560,148603,NG5 1PB,NG5  1PB,456588,344098
RX1ORS,OTHER REPORTABLE SITES,6994,6994,NG5 1PB,NG5  1PB,456588,344098
RX1RA,QUEEN'S MEDICAL CENTRE,154065,152874,NG7 2UH,NG7  2UH,454800,338800
RX202,"RUTLAND GARDENS HOSTEL, HOVE",490,490,BN3 5PA,BN3  5PA,527926,105041
RX213,MILL VIEW HOSPITAL,6707,5977,BN3 7HY,BN3  7HY,527550,106285
RX214,LINDRIDGE (NEVILL HOSPITAL),3611,2983,BN3 7JW,BN3  7JW,527381,106228
RX232,"SHEPHERD HOUSE, WORTHING",636,636,BN112ET,BN11 2ET,515794,102773
RX235,"JUPITER HOUSE, CHICHESTER (OAKLANDS CENTRE)",1022,1022,PO196GU,PO19 6GU,486672,105925
RX236,CHICHESTER CENTRE,3064,3064,PO196GS,PO19 6GS,486609,105959
RX237,"CONNOLLY HOUSE, CHICHESTER",956,956,PO196WD,PO19 6WD,486281,106078
RX240,"THE HAROLD KIDD UNIT, CHICHESTER",2396,1626,PO196AU,PO19 6AU,486451,106498
RX277,MEADOWFIELD,3905,3905,BN133EP,BN13 3EP,511965,105834
RX2A2,SELDEN CENTRE,774,774,BN133AT,BN13 3AT,512102,106058
RX2C8,HORSHAM HOSPITAL - IRIS WARD,774,774,RH122DR,RH12 2DR,517536,131398
RX2E7,DEPARTMENT OF PSYCHIATRY,3769,3769,BN212UD,BN21 2UD,560184,101058
RX2E9,HELLINGLY CENTRE,4338,4338,BN274EP,BN27 4EP,559281,112533
RX2F3,AMBERSTONE HOSPITAL,2626,2626,BN274HU,BN27 4HU,560170,111615
RX2K3,"ST ANNE'S CENTRE & EMI WARDS, ST. LEONARDS-ON-SEA",2725,1988,TN377PT,TN37 7PT,580294,112927
RX2L6,"WOODLANDS, ST. LEONARDS-ON-SEA",2092,2092,TN377PT,TN37 7PT,580294,112927
RX2L8,"BEECHWOOD UNIT, UCKFIELD",1826,1826,TN225AW,TN22 5AW,547952,120614
RX2ORS,OTHER REPORTABLE SITES,34091,31039,BN133EP,BN13 3EP,511965,105834
RX2P0,LANGLEY GREEN HOSPITAL,5232,5232,RH117SE,RH11 7SE,526637,138395
RX2WA,78 CRAWLEY ROAD,1542,1542,RH124HN,RH12 4HN,518740,131694
RX2X4,CHALKHILL,2356,2356,RH164NQ,RH16 4NQ,533892,123034
RX33A,ROSEBERRY PARK FKA ST LUKE'S HOSPITAL,33975,33975,TS4 3AF,TS4  3AF,450695,518112
RX34L,PEPPERMILL COURT CUE,1793,1793,YO318SS,YO31 8SS,460833,453012
RX35E,CHERRY TREE HOUSE,1447,1447,YO310PN,YO31 0PN,462181,451962
RX3AD,PRIMROSE LODGE,642,642,DH3 3JX,DH3  3JX,427425,550369
RX3AT,AUCKLAND PARK HOSPITAL,4681,3623,DL146AE,DL14 6AE,420695,528907
RX3CL,LANCHESTER ROAD FKA EARLS HOUSE,15630,14106,DH1 5RD,DH1  5RD,425026,545130
RX3CN,EARLS HOUSE BOWES LYON UNIT,2323,1749,DH1 5RD,DH1  5RD,425026,545130
RX3JE,BANKFIELDS COURT UNIT 1,2757,2757,TS6 0NP,TS6  0NP,454849,517897
RX3KW,SPRINGWOOD,1145,1145,YO177NG,YO17 7NG,478071,471925
RX3LF,WEST LANE HOSPITAL,5719,5719,TS5 4EE,TS5  4EE,448134,518797
RX3LK,CROSS LANE HOSPITAL,4014,4014,YO126DN,YO12 6DN,502604,490082
RX3MM,WEST PARK HOSPITAL,10468,10468,DL2 2TS,DL2  2TS,426549,516546
RX3NH,SANDWELL PARK,1974,1974,TS248LN,TS24 8LN,450868,533421
RX3ORS,OTHER REPORTABLE SITES,48161,37886,DL2 2TS,DL2  2TS,426549,516546
RX3WE,DURHAM ROAD SITE,1997,1997,TS190EA,TS19 0EA,443409,520289
RX3XX,MENTAL HEALTH UNIT - FRIARAGE HOSPITAL,4001,4001,DL6 1JG,DL6  1JG,437120,494236
RX3YE,THE BRIARY UNIT,3515,3515,HG2 7SX,HG2  7SX,431726,455415
RX422,EASTERFIELD COURT,679,679,NE611JY,NE61 1JY,420201,586460
RX438,"BROOKE HOUSE, HOUGHTON LE SPRING",393,393,DH5 8NB,DH5  8NB,434261,549433
RX442,TRANWELL UNIT,3109,3109,NE109RW,NE10 9RW,427177,560669
RX461,ELM HOUSE,683,683,NE8 1QE,NE8  1QE,425118,562547
RX464,HOPEWOOD PARK,17004,15044,SR2 0NB,SR2  0NB,440579,552310
RX467,NORTHGATE HOSPITAL,24947,20253,NE613BP,NE61 3BP,418444,587885
RX4CA,FERNDENE,5269,5269,NE425NT,NE42 5NT,410521,561989
RX4E2,"ST GEORGES HOSPITAL, MORPETH",19353,17997,NE612NU,NE61 2NU,420299,587186
RX4E4,"ST NICHOLAS HOSPITAL, GOSFORTH",31709,29195,NE3 3XT,NE3  3XT,423565,568053
RX4E5,ROYAL VICTORIA INFIRMARY,1076,1076,NE1 4LP,NE1  4LP,424492,565134
RX4FD,CAMPUS FOR AGEING & VITALITY,6258,5735,NE4 6BE,NE4  6BE,422850,564683
RX4K2,MONKWEARMOUTH HOSPITAL,13374,13323,SR5 1NB,SR5  1NB,439399,559045
RX4ORS,OTHER REPORTABLE SITES,20773,19604,NE3 3XT,NE3  3XT,423565,568053
RX4Y0,ROSE LODGE,1252,1252,NE312TH,NE31 2TH,430736,563692
RX6ORS,OTHER REPORTABLE SITES,27701,27701,NE158NY,NE15 8NY,418512,563937
RX7ORS,OTHER REPORTABLE SITES,70967,70967,BL1 5DD,BL1  5DD,368594,409262
RX8ORS,OTHER REPORTABLE SITES,56975,56475,WF2 0XQ,WF2  0XQ,431915,423769
RX9ORS,OTHER REPORTABLE SITES,43104,42494,NG8 3LL,NG8  3LL,454212,340700
RXA34,LIME WALK HOUSE,1935,1935,SK103SZ,SK10 3SZ,390131,374022
RXA35,"ROSEMOUNT DAY CARE CENTRE, (GREENWAYS) MACCLESFIELD",2467,2467,SK118QA,SK11 8QA,390403,373607
RXA54,CLATTERBRIDGE HOSPITAL,7218,7218,CH634JY,CH63 4JY,331896,382264
RXA55,ASHTON HOUSE HOSPITAL,1980,1980,CH435SR,CH43 5SR,330644,387774
RXA71,MILLBROOK,3766,3766,SK103BL,SK10 3BL,390687,373934
RXA72,SOSS MOSS,2935,2935,SK104UJ,SK10 4UJ,382386,376627
RXA89,EASTWAY HOUSE,1255,1255,CH2 1UL,CH2  1UL,340130,368347
RXAG5,ANCORA HOUSE,3480,3480,CH2 1BQ,CH2  1BQ,340071,368653
RXAORS,OTHER REPORTABLE SITES,28104,22781,CH2 1UL,CH2  1UL,340130,368347
RXC01,CONQUEST HOSPITAL,51488,51488,TN377RD,TN37 7RD,580678,112659
RXC02,EASTBOURNE DISTRICT GENERAL HOSPITAL,69221,69221,BN212UD,BN21 2UD,560184,101058
RXC03,BEXHILL HOSPITAL,5168,5168,TN402DZ,TN40 2DZ,574352,108607
RXC42,RYE MEMORIAL CARE CENTRE,797,797,TN317NJ,TN31 7NJ,591998,121555
RXCORS,OTHER REPORTABLE SITES,9554,9554,BN212UD,BN21 2UD,560184,101058
RXE30,DONCASTER SUBSTANCE MISUSE SERVICE - NEW BEGINNINGS,1344,1344,DN4 0QP,DN4  0QP,456163,401397
RXE92,GREAT OAKS INPATIENT UNIT,3003,3003,DN162JX,DN16 2JX,490262,408681
RXEORS,OTHER REPORTABLE SITES,9077,9077,DN4 8QN,DN4  8QN,456713,400424
RXF10,DEWSBURY & DISTRICT HOSPITAL,67412,60145,WF134HS,WF13 4HS,423080,422925
RXF15,WAKEFIELD INTERMEDIATE CARE UNIT,1400,1400,WF1 4AA,WF1  4AA,433993,421422
RXFORS,OTHER REPORTABLE SITES,3567,3567,WF1 4DG,WF1  4DG,433870,421896
RXG36,ENFIELD DOWN,1398,1398,HD9 6LL,HD9  6LL,414420,412239
RXG82,KENDRAY HOSPITAL,11242,11099,S70 3RD,S70  3RD,436235,405729
RXGDD,DEWSBURY DISTRICT HOSPITAL (PRIESTLEY UNIT),4373,4373,WF134HS,WF13 4HS,423080,422925
RXGORS,OTHER REPORTABLE SITES,21856,21666,WF1 3SP,WF1  3SP,433503,422441
RXH09,THE PRINCESS ROYAL HOSPITAL,45908,43256,RH164EX,RH16 4EX,534125,123035
RXH38,NEWHAVEN POLYCLINIC,1458,1458,BN9 9HH,BN9  9HH,543994,101112
RXHORS,OTHER REPORTABLE SITES,9001,9001,BN2 5BE,BN2  5BE,532654,103901
RXK27,LEOSOWES INTERMEDIATE CARE CENTRE,980,921,B66 1JE,B66  1JE,400971,289359
RXLORS,OTHER REPORTABLE SITES,25723,25723,FY3 8NR,FY3  8NR,333221,436515
RXM14,KINGSWAY HOSPITAL,15748,15346,DE223LZ,DE22 3LZ,432886,335737
RXM54,THE RADBOURNE UNIT,7394,7394,DE223NE,DE22 3NE,432813,334886
RXMF4,WARDS 1 & 2 LONDON ROAD COMMUNITY HOSPITAL,2369,2369,DE1 2QY,DE1  2QY,435828,335342
RXMORS,OTHER REPORTABLE SITES,16341,16341,DE223LZ,DE22 3LZ,432886,335737
RXNORS,OTHER REPORTABLE SITES,10033,10033,PR2 9HT,PR2  9HT,353532,433031
RXP69,WEARDALE HOSPITAL,929,929,DL132JR,DL13 2JR,398903,539228
RXPBA,BISHOP AUCKLAND GENERAL HOSPITAL,26809,25697,DL146AD,DL14 6AD,420837,529020
RXPCJ,RICHARDSON HOSPITAL,3503,3350,DL128ET,DL12 8ET,405431,516820
RXPCL,SEDGEFIELD COMMUNITY HOSPITAL,4155,2509,TS213EZ,TS21 3EZ,435906,531087
RXPORS,OTHER REPORTABLE SITES,25485,10162,DL3 6HX,DL3  6HX,428331,515098
RXQ02,STOKE MANDEVILLE HOSPITAL,88201,73769,HP218AL,HP21 8AL,482710,211715
RXQ50,WYCOMBE HOSPITAL,54340,50514,HP112TT,HP11 2TT,486386,192694
RXQ61,BUCKINGHAM HOSPITAL,1760,1760,MK181NU,MK18 1NU,469729,234168
RXQORS,OTHER REPORTABLE SITES,15335,12498,HP7 0JD,HP7  0JD,495446,196924
RXR10,BURNLEY GENERAL HOSPITAL,71363,63977,BB102PQ,BB10 2PQ,385092,434928
RXR60,ACCRINGTON VICTORIA HOSPITAL,7450,6654,BB5 6AS,BB5  6AS,375907,429310
RXR70,CLITHEROE HOSPITAL,4212,4212,BB7 4JX,BB7  4JX,376039,443295
RXRORS,OTHER REPORTABLE SITES,60528,14450,BB2 3HH,BB2  3HH,369574,426674
RXT99,EDEN UNIT,1228,1228,B23 6AL,B23  6AL,409923,291294
RXTD2,THE ZINNIA CENTRE,4331,4331,B11 4HL,B11  4HL,409104,283453
RXTD3,THE BARBERRY CENTRE,8913,8913,B15 2FG,B15  2FG,403999,283440
RXTD4,THE OLEASTER CENTRE,7200,7200,B15 2SY,B15  2SY,404122,283330
RXTD6,TAMARIND CENTRE,8261,8261,B9  5PU,B9   5PU,411027,286432
RXTE6,ROOKERY GARDENS,1345,1345,B24 9SA,B24  9SA,411317,291076
RXTORS,OTHER REPORTABLE SITES,24016,23329,B1  3RB,B1   3RB,405712,287358
RXVJ1,ANSON ROAD UNIT,788,788,M14 5BY,M14  5BY,385574,395746
RXVJ2,LAUREATE HOUSE SERVICES,5643,5643,M23 9LT,M23  9LT,380598,387938
RXVL9,PARK HOUSE SERVICES,9430,9430,M8  5RB,M8   5RB,384880,402381
RXVORS,OTHER REPORTABLE SITES,28297,28297,M25 3BL,M25  3BL,380780,404495
RXWORS,OTHER REPORTABLE SITES,6165,6165,TF1 6TF,TF1  6TF,365542,312839
RXX10,ABRAHAM COWLEY UNIT,9807,8549,KT160AE,KT16 0AE,502393,165469
RXX92,WEST PARK HOSPITAL,8080,7044,KT198PB,KT19 8PB,518391,161660
RXXFR,ST EBBA'S,3950,3950,KT198QJ,KT19 8QJ,520262,162551
RXXORS,OTHER REPORTABLE SITES,23895,19949,KT227AD,KT22 7AD,516136,156700
RXY03,ST MARTINS HOSPITAL,17024,9749,CT1 1AZ,CT1  1AZ,616739,157662
RXY3H,"BIRLING CENTRE - 33-39 BIRLING ROAD, LEYBOURNE",534,534,ME195HT,ME19 5HT,568100,158538
RXYF6,FRANK LLOYD NURSING HOME - SITTINGBOURNE HOSPITAL,2842,2842,ME104DT,ME10 4DT,590724,163056
RXYG4,GREENACRES,12241,12241,DA2 6PB,DA2  6PB,555872,174313
RXYJ1,"JASMINE CENTRE, DARENT VALLEY HOSPITAL",1556,1556,DA2 8DA,DA2  8DA,557094,173081
RXYM1,"MEDWAY, GILLINGHAM",3466,3466,ME7 5PA,ME7  5PA,577004,167601
RXYORS,OTHER REPORTABLE SITES,22812,20016,ME194AX,ME19 4AX,567366,156076
RXYP8,PRIORITY HOUSE - OAKWOOD,11835,11835,ME169PH,ME16 9PH,573484,155608
RXYR2,"RIVENDELL, EASTRY",338,338,CT130JU,CT13 0JU,630690,154550
RXYT1,"THANET MENTAL HEALTH UNIT, 164 RAMSGATE ROAD, MARGATE",3189,2326,CT9 4BF,CT9  4BF,635782,169598
RY2ORS,OTHER REPORTABLE SITES,29137,28749,WN3 6PR,WN3  6PR,356457,403784
RY311,COLMAN HOSPITAL,4369,4369,NR2 2PJ,NR2  2PJ,621364,307518
RY312,NORWICH COMMUNITY HOSPITAL,10741,10477,NR2 3TU,NR2  3TU,620864,309033
RY319,DEREHAM HOSPITAL,4265,4104,NR192EX,NR19 2EX,599180,314330
RY332,NORTH WALSHAM & DISTRICT WAR MEMORIAL HOSPITAL,1887,1887,NR289AP,NR28 9AP,628386,329427
RY335,KELLING HOSPITAL,4517,3628,NR256QA,NR25 6QA,609607,339774
RY33E,SWAFFHAM COMMUNITY HOSPITAL,1462,1462,PE377HL,PE37 7HL,582197,309324
RY386,OGDEN COURT,1192,1192,NR180PE,NR18 0PE,611121,301666
RY3ORS,OTHER REPORTABLE SITES,15181,14299,NR1 3FR,NR1  3FR,623469,307805
RY402,POTTERS BAR COMMUNITY HOSPITAL,1910,1910,EN6 2RY,EN6  2RY,526080,200286
RY407,DANESBURY,1979,1979,AL6 9PW,AL6  9PW,522564,215864
RY409,HERTFORDSHIRE & ESSEX HOSPITAL,2451,2451,CM235JH,CM23 5JH,549808,220779
RY411,LANGLEY HOUSE,2480,2480,WD259FG,WD25 9FG,511318,199546
RY412,QUEEN VICTORIA MEMORIAL HOSPITAL,1728,1728,AL6 9PW,AL6  9PW,522564,215864
RY414,HEMEL HEMPSTEAD HOSPITAL,961,961,HP2 4AD,HP2  4AD,505811,206903
RY4ORS,OTHER REPORTABLE SITES,22500,20700,AL7 1BW,AL7  1BW,524621,213103
RY539,SKEGNESS HOSPITAL,3443,2157,PE252BS,PE25 2BS,556083,363433
RY567,THE JOHNSON COMMUNITY HOSPITAL,6684,3467,PE113PB,PE11 3PB,524635,324391
RY568,JOHN COUPLAND COMMUNITY HOSPITAL,5502,3560,DN212TJ,DN21 2TJ,480873,391247
RY572,LOUTH COMMUNITY HOSPITAL,10140,3186,LN110EU,LN11 0EU,532590,387864
RY5ORS,OTHER REPORTABLE SITES,175453,9005,NG348GG,NG34 8GG,507953,346935
RY612,ST MARY'S HOSPITAL CRU,523,523,LS123QE,LS12 3QE,425627,433803
RY632,LITTLEWOOD HOUSE HALL - CAMH UNIT,2016,2016,LS2 9NT,LS2  9NT,429270,434161
RY6ORS,OTHER REPORTABLE SITES,34372,34174,LS6 2WE,LS6  2WE,430515,435070
RY7ORS,OTHER REPORTABLE SITES,17343,17343,CH420LQ,CH42 0LQ,331812,387511
RY87V,ST OSWALD'S HOSPITAL,3098,3098,DE6 1DR,DE6  1DR,417703,346205
RY8AJ,WALTON HOSPITAL,9058,9058,S40 3HW,S40  3HW,437362,369505
RY8AK,ASH GREEN,3438,3438,S42 7JE,S42  7JE,434837,371531
RY8DE,BABINGTON HOSPITAL,9381,6660,DE561WH,DE56 1WH,434588,346973
RY8NR,CLAY CROSS HOSPITAL,3079,3079,S45 9NZ,S45  9NZ,439725,363588
RY8NW,CAVENDISH HOSPITAL,2859,2859,SK176TE,SK17 6TE,405350,373941
RY8ORS,OTHER REPORTABLE SITES,25369,23594,DE451AD,DE45 1AD,421976,369132
RY8RH,ILKESTON HOSPITAL,10408,10408,DE7 8LN,DE7  8LN,445691,343633
RY922,TEDDINGTON MEMORIAL HOSPITAL,4681,4371,TW110JL,TW11 0JL,515439,170953
RY9ORS,OTHER REPORTABLE SITES,6417,6258,TW118HU,TW11 8HU,516436,171155
RYAORS,OTHER REPORTABLE SITES,39732,39732,DY5 1LX,DY5  1LX,392013,287532
RYCORS,OTHER REPORTABLE SITES,57676,57676,IP331HP,IP33 1HP,585544,264624
RYDORS,OTHER REPORTABLE SITES,43833,40089,SM7 2AS,SM7  2AS,524899,159648
RYEORS,OTHER REPORTABLE SITES,36650,36650,RG402NN,RG40 2NN,480983,168150
RYFORS,OTHER REPORTABLE SITES,55651,52761,EX2 7HY,EX2  7HY,296698,92195
RYG12,THE MANOR HOSPITAL,5604,5604,CV115HX,CV11 5HX,435531,292252
RYG51,"HAWKESBURY LODGE, LONGFORD",977,977,CV6 6EJ,CV6  6EJ,435304,283664
RYG58,"THE CALUDON CENTRE, COVENTRY",14118,14118,CV2 2TE,CV2  2TE,437803,280639
RYG79,ST MICHAEL'S HOSPITAL,6732,6732,CV345QW,CV34 5QW,427783,265677
RYG81,"WOODLOES HOUSE, WARWICK",1421,1421,CV345XN,CV34 5XN,428344,266245
RYG92,ASPEN UNIT,898,898,CV345BW,CV34 5BW,428525,265839
RYG96,BROOKLANDS HOSPITAL,10742,10742,B37 7HL,B37  7HL,417480,285949
RYGORS,OTHER REPORTABLE SITES,51100,36878,CV2 2TE,CV2  2TE,437803,280639
RYJ01,ST MARY'S HOSPITAL,86019,85173,W2  1NY,W2   1NY,526826,181364
RYJ02,CHARING CROSS HOSPITAL,110476,110346,W6  8RF,W6   8RF,523690,177957
RYJ03,HAMMERSMITH HOSPITAL,74007,73241,W12 0HS,W12  0HS,522582,181310
RYJ04,QUEEN CHARLOTTE'S HOSPITAL,8638,8638,W12 0HS,W12  0HS,522582,181310
RYJ07,WESTERN EYE HOSPITAL,4597,4597,NW1 5QH,NW1  5QH,527526,181797
RYK01,BLOXWICH HOSPITAL,2740,2740,WS3 2JJ,WS3  2JJ,399769,301775
RYK10,DOROTHY PATTISON HOSPITAL,6188,6188,WS2 9XH,WS2  9XH,399968,298384
RYK34,BUSHEY FIELDS HOSPITAL,9207,9150,DY1 2LZ,DY1  2LZ,392165,289451
RYKORS,OTHER REPORTABLE SITES,6002,6002,DY2 8PS,DY2  8PS,394362,290062
RYR16,ST RICHARD'S HOSPITAL,68598,66358,PO196SE,PO19 6SE,486835,105615
RYR18,WORTHING HOSPITAL,69173,68677,BN112DH,BN11 2DH,515386,103181
RYV05,HINCHINGBROOKE HOSPITAL,3439,3439,PE296NT,PE29 6NT,522564,272105
RYVORS,OTHER REPORTABLE SITES,33365,32263,PE275BB,PE27 5BB,531482,271060
RYW01,COMMUNITY UNIT 27 GOOD HOPE HOSPITAL,1036,988,B75 7RR,B75  7RR,412837,296632
RYW03,INTERMEDIATE CARE REHABILITATION UNIT - ANN MARIE,2398,2161,B26 2DU,B26  2DU,415143,285230
RYW04,PERRY TREE CARE CENTRE,2256,2038,B23 5BX,B23  5BX,408958,293590
RYW13,RIVERSIDE LODGE,1035,960,B10 9JH,B10  9JH,411328,286116
RYW23,MOSELEY HALL HOSPITAL,14473,13004,B13 8JL,B13  8JL,407377,283112
RYW24,WEST HEATH HOSPITAL,7415,6967,B38 8HR,B38  8HR,403242,277800
RYWORS,OTHER REPORTABLE SITES,56427,54202,B7  4BN,B7   4BN,407850,287718
RYX23,FINCHLEY MEMORIAL HOSPITAL,2585,2585,N12 0JE,N12  0JE,526369,191199
RYX24,EDGWARE COMMUNITY HOSPITAL,986,986,HA8 0AD,HA8  0AD,519814,191155
RYX27,PRINCESS LOUISE KENSINGTON NURSING HOME (PLK),376,376,W10 6DL,W10  6DL,523488,181684
RYX30,ATHLONE HOUSE NURSING HOME,957,957,W9  2BA,W9   2BA,524971,181970
RYXORS,OTHER REPORTABLE SITES,32117,30957,SW1E6QP,SW1E 6QP,529392,179268
RYXY2,ST CHARLES HOSPITAL (PEMBRIDGE PALLIATIVE CARE CENTRE),1457,1457,W10 6DZ,W10  6DZ,523783,181889
RYYAL,FAVERSHAM COTTAGE HOSPITAL,1573,1317,ME138PS,ME13 8PS,601348,161231
RYYC3,QUEEN VICTORIA MEMORIAL HOSPITAL,4315,3396,CT6 6EB,CT6  6EB,618865,167891
RYYCH,VICTORIA HOSPITAL,2790,1876,CT149UA,CT14 9UA,636789,152148
RYYCM,WHITSTABLE & TANKERTON HOSPITAL,2444,1963,CT5 2HN,CT5  2HN,612435,166893
RYYD4,EDENBRIDGE HOSPITAL,2168,1836,TN8 5DA,TN8  5DA,544515,145488
RYYD6,HAWKHURST COTTAGE HOSPITAL,1544,1425,TN184PU,TN18 4PU,574560,130669
RYYD9,SEVENOAKS HOSPITAL,5995,4488,TN133PG,TN13 3PG,553140,156635
RYYDC,TONBRIDGE COTTAGE HOSPITAL,1906,1678,TN110NE,TN11 0NE,559009,144549
RYYORS,OTHER REPORTABLE SITES,84720,28132,TN254AZ,TN25 4AZ,600771,145327
TADORS,OTHER REPORTABLE SITES,18536,18536,BD183LD,BD18 3LD,414008,438179
TAFORS,OTHER REPORTABLE SITES,12012,12012,NW1 0PE,NW1  0PE,529678,183626
TAHEC,INTENSIVE SUPPORT SERVICES UNIT FIRSHILL RISE,1538,1538,S4  7BW,S4   7BW,435535,389749
TAHORS,OTHER REPORTABLE SITES,23261,19515,S10 3TH,S10  3TH,430880,385390
TAJ52,PENN HOSPITAL,7694,7124,WV4 5HN,WV4  5HN,389305,295660
TAJORS,OTHER REPORTABLE SITES,14222,12809,B70 9PL,B70  9PL,398921,291254
RA201,ROYAL SURREY COUNTY HOSPITAL,74904,74000,GU2 7XX,NA,497304,150014
RA701,BRISTOL ROYAL INFIRMARY,181758,180677,BS2 8HW,NA,358679,173525
RA901,TORBAY DISTRICT GENERAL HOSPITAL,73476,71494,TQ2 7AA,NA,289857,65876
RA956,DAWLISH HOSPITAL,2111,2111,EX7 9DH,NA,295680,76688
RA979,TOTNES HOSPITAL,3590,3590,TQ9 5GH,NA,280482,60569
RAE01,BRADFORD ROYAL INFIRMARY,104997,104997,BD9 6RJ,NA,413618,434429
RAE3A,WESTWOOD PARK,1046,1046,BD6 3NL,NA,412592,430302
RAJ01,SOUTHEND HOSPITAL,96026,90754,SS0 0RY,NA,586491,187309
RAL01,ROYAL FREE HOSPITAL,129966,129009,NW3 2QG,NA,527297,185410
RAL26,BARNET GENERAL HOSPITAL,56363,52169,EN5 3DJ,NA,523647,196169
RALRA,EDGEWARE COMMUNITY HOSPITAL,7131,6727,HA8 0AD,NA,519814,191155
RAN01,THE ROYAL NATIONAL ORTHOPAEDIC HOSPITAL (STANMORE),55771,48554,HA7 4LP,NA,517033,193991
RAPNM,NORTH MIDDLESEX HOSPITAL,77622,77622,N18 1QX,NA,533470,192231
RAS01,THE HILLINGDON HOSPITAL,66733,66261,UB8 3NN,NA,506850,181918
RAS02,MOUNT VERNON HOSPITAL,17654,15690,HA6 2RN,NA,507705,191821
RATGM,GOODMAYES HOSPITAL,12211,12211,IG3 8XJ,NA,546338,188680
RATRK,BROOKSIDE,1933,1933,IG3 8XQ,NA,546368,188117
RATWD,WOODBURY UNIT,1824,1824,E11 1NU,NA,539070,188353
RAX01,KINGSTON HOSPITAL,68740,65214,KT2 7QB,NA,519526,169822
RBA11,MUSGROVE PARK HOSPITAL,102696,84696,TA1 5DA,NA,321406,124176
RBD01,DORSET COUNTY HOSPITAL,50924,48248,DT1 2JY,NA,368541,90463
RBK02,MANOR HOSPITAL,104579,103533,WS2 9PS,NA,400170,298280
RBN01,WHISTON HOSPITAL,95542,95542,L35 5DR,NA,347931,391806
RBN02,ST HELENS HOSPITAL,35291,33193,WA9 3DA,NA,352342,393880
RBQHQ,LIVERPOOL HEART AND CHEST HOSPITAL,31027,31027,L14 3PE,NA,340406,390858
RBS25,CHILDREN'S HEALTH PARK,119441,87607,L12 2AP,NA,340370,391870
RBT20,LEIGHTON HOSPITAL,78845,78845,CW1 4QJ,NA,368248,357940
RBV01,CHRISTIE HOSPITAL,99196,91304,M20 4BX,NA,384807,392578
RC971,LUTON AND DUNSTABLE HOSPITAL,64158,64158,LU4 0DZ,NA,505075,222832
RCB07,THE NEW SELBY WAR MEMORIAL HOSPITAL,5355,5289,YO8 9BX,NA,460835,431633
RCD08,LASCELLES NEUROLOGICAL REHABILITATION UNIT,659,659,HG1 4PA,NA,431373,455764
RCU02,RYEGATE CHILDREN'S CENTRE,2724,2724,S10 5DD,NA,432640,386937
RCU51,THE BECTON CENTRE FOR CHILDREN & YOUNG PEOPLE,5870,5870,S20 1NZ,NA,443354,383326
RCUEF,WESTERN BANK (MAIN SITE),40675,38218,S10 2TH,NA,433981,387204
RD130,ROYAL UNITED HOSPITAL,92029,86866,BA1 3NG,NA,372876,165920
RD816,MILTON KEYNES HOSPITAL,88583,60391,MK6 5LD,NA,486836,237194
RDEE4,COLCHESTER GENERAL HOSPITAL,65860,65245,CO4 5JL,NA,599511,227486
RDR08,CHAILEY WESTFIELD (CHIS & REHAB),3928,3928,BN8 4JN,NA,538266,121051
RDYEW,"FORSTON CLINIC, HERRISON",4480,4285,DT2 9TB,NA,368117,95068
RDZ20,ROYAL BOURNEMOUTH HOSPITAL,79960,79960,BH7 7DW,NA,412759,94224
REF12,ROYAL CORNWALL HOSPITAL,86937,84177,TR1 3LJ,NA,179781,45319
REP01,LIVERPOOL WOMENS HOSPITAL,30870,29769,L8  7SS,NA,336260,389500
RF4DG,KING GEORGE HOSPITAL,34890,34890,IG3 8YB,NA,546442,188967
RFFAA,BARNSLEY DISTRICT GENERAL HOSPITAL,75276,74519,S75 2EP,NA,433252,407062
RFRPA,ROTHERHAM DISTRICT GENERAL HOSPITAL,80003,79711,S60 2UD,NA,443775,390997
RFRPB,BREATHING SPACE - PARK REHABILITATION UNIT,4419,4419,S65 2QL,NA,444447,392914
RFSDA,CHESTERFIELD  ROYAL HOSPITAL,97293,97290,S44 5BL,NA,440141,371188
RGD05,THE MOUNT,7723,7723,LS2 9LN,NA,429151,434288
RGDAU,LIAISON PSYCHIATRY IN-PATIENT UNIT,987,987,LS1 3EX,NA,429621,433998
RGDBL,BECKLIN CENTRE,8296,8296,LS9 7BE,NA,431496,434633
RGM21,PAPWORTH HOSPITAL,35835,35835,CB3 8RE,NA,528747,262836
RGN49,STAMFORD & RUTLAND HOSPITAL,10361,5852,PE9 1UA,NA,503676,307505
RGT01,ADDENBROOKE'S HOSPITAL,229738,229738,CB2 2QQ,NA,546549,255140
RH563,PYRLAND,1780,1780,TA2 7AU,NA,322862,126476
RH576,HOLFORD,966,966,TA2 7AZ,NA,322828,126526
RH5H5,ST ANDREWS,1242,1242,BA5 1TH,NA,354289,145072
RH801,ROYAL DEVON & EXETER HOSPITAL (WONFORD),124900,113391,EX2 5DW,NA,293730,91869
RH858,EXMOUTH HOSPITAL,2965,2965,EX8 2JN,NA,300945,81031
RHA01,BASSETLAW HOSPITAL MENTAL HEALTH WARDS,3003,3003,S81 0JN,NA,459159,380230
RHAAR,ARNOLD LODGE,10348,10348,LE5 0LE,NA,461548,305926
RHAN6,106 & 145 THORNEYWOOD MOUNT,847,847,NG3 2PZ,NA,458991,341381
RHANA,THE WELLS ROAD CENTRE,9602,9602,NG3 3AA,NA,458924,342116
RHANM,HIGHBURY HOSPITAL,16507,16507,NG6 9DR,NA,454342,344273
RHANN,LINGS BAR HOSPITAL,3541,3541,NG2 6PR,NA,460618,336507
RHARY,WATHWOOD HOSPITAL,6368,6368,S63 7TQ,NA,443731,399562
RHQHH,ROYAL HALLAMSHIRE HOSPITAL,176605,136012,S10 2JF,NA,433803,386953
RHQNG,NORTHERN GENERAL HOSPITAL,176326,162848,S5  7AU,NA,436262,390470
RHQWP,WESTON  PARK HOSPITAL,17106,16195,S10 2SJ,NA,433695,387163
RHU02,ST MARY'S HOSPITAL,3576,3576,PO3 6AD,NA,466062,100481
RHU03,QUEEN ALEXANDRA HOSPITAL,169993,142658,PO6 3LY,NA,465570,106054
RHW01,ROYAL BERKSHIRE HOSPITAL,123156,97590,RG1 5AN,NA,472411,172962
RJ121,GUY'S HOSPITAL,164110,160618,SE1 9RT,NA,532884,180016
RJ122,ST THOMAS' HOSPITAL,185855,176244,SE1 7EH,NA,530673,179346
RJ134,LAMBETH COMMUNITY CARE CENTRE,1150,1150,SW9 9NU,NA,530534,175710
RJ611,CROYDON UNIVERSITY HOSPITAL,79054,78754,CR7 7YE,NA,531688,167262
RJ807,NEWQUAY HOSPITAL,2163,1889,TR7 1RQ,NA,181674,61317
RJE01,THE ROYAL STOKE UNIVERSITY HOSPITAL,194449,183088,ST4 6QG,NA,385866,345114
RJR05,COUNTESS OF CHESTER HOSPITAL,63100,63100,CH2 1UL,NA,340130,368347
RJZ01,KINGS COLLEGE HOSPITAL,165417,165222,SE5 9RS,NA,532494,176068
RK950,DERRIFORD HOSPITAL,149769,129636,PL6 8DH,NA,249930,59564
RKB01,UNIVERSITY HOSPITAL,151918,150518,CV2 2DX,NA,438289,280506
RKEQ4,THE WHITTINGTON HOSPITAL,71044,65327,N19 5NF,NA,529078,186930
RKL14,LAKESIDE UNIT,9213,8292,TW7 6AF,NA,516469,176296
RKL62,THE LIMES,1939,1939,UB2 4AU,NA,512711,179698
RKL67,ST BERNARDS WING,43768,35600,UB1 3EU,NA,514629,179928
RKL79,HAMMERSMITH & FULHAM MHU,5313,5313,W6  8NF,NA,523865,177890
RLNGL,SUNDERLAND ROYAL HOSPITAL,125398,123874,SR4 7TP,NA,437912,556546
RLNGM,SUNDERLAND EYE INFIRMARY,7122,7122,SR2 9HP,NA,439800,555100
RLQ01,COUNTY HOSPITAL,42567,42567,HR1 2ER,NA,351710,240083
RLQ03,BROMYARD COMMUNITY HOSPITAL,2028,2028,HR7 4QN,NA,365441,254352
RLQ06,LEOMINSTER COMMUNITY HOSPITAL,1899,1899,HR6 8JH,NA,349589,258477
RLQ08,ROSS COMMUNITY HOSPITAL,2761,2761,HR9 5AD,NA,359960,223944
RLY36,DRAGON SQUARE COMMUNITY UNIT,1148,1148,ST5 7HL,NA,383222,349659
RLY39,SUTHERLAND MENTAL HEALTH CENTRE,822,822,ST3 4LR,NA,391191,342416
RLY81,LEARNING DISABILITIES UNIT HILTON ROAD,604,604,ST4 6RR,NA,386010,344838
RLY86,DARWIN - FKA CLYDESDALE CENTRE,980,980,ST4 7LF,NA,386806,345017
RLY87,GREENFIELDS CENTRE,844,844,ST6 5UD,NA,386149,351807
RLY88,HARPLANDS HOSPITAL,10911,10911,ST4 6RR,NA,386010,344838
RM102,NORFOLK & NORWICH UNIVERSITY HOSPITAL,107453,107453,NR4 7UY,NA,618153,307069
RM301,SALFORD ROYAL,148526,127740,M6  8HD,NA,378637,399030
RMC01,ROYAL BOLTON HOSPITAL,89478,86563,BL4 0JR,NA,371617,406456
RMP01,TAMESIDE GENERAL HOSPITAL (RMP),71809,71809,OL6 9RW,NA,395358,399427
RMY01,HELLESDON HOSPITAL,29034,22327,NR6 5BE,NA,619952,311828
RMY02,THE JULIAN HOSPITAL,10707,9123,NR2 3TD,NA,620877,308912
RMY04,THE NORVIC CLINIC,4767,4489,NR7 0HT,NA,627902,309067
RN325,GREAT WESTERN HOSPITAL,67700,67672,SN3 6BB,NA,419017,182216
RN707,DARENT VALLEY,62684,62684,DA2 8DA,NA,557094,173081
RNA01,RUSSELLS HALL HOSPITAL,103562,85307,DY1 2HQ,NA,392052,289456
RNLAY,CUMBERLAND INFIRMARY,55778,54678,CA2 7HY,NA,338671,556172
RNNBF,BRAMPTON HOSPITAL,1016,1004,CA8 1TX,NA,353568,560816
RNNBJ,CARLETON CLINIC,13457,13457,CA1 3SX,NA,343390,553709
RNS01,NORTHAMPTON GENERAL HOSPITAL,99688,99688,NN1 5BD,NA,476319,260349
RNU30,LITTLEMORE HOSPITAL,13481,12938,OX4 4XN,NA,453327,202358
RNU33,WARNEFORD HOSPITAL,16392,11237,OX3 7JX,NA,453782,206080
RNU75,FULBROOK CENTRE,2270,1768,OX3 7JU,NA,454343,205954
RNZ02,SALISBURY DISTRICT HOSPITAL,89939,89939,SP2 8BJ,NA,414831,127198
RP5BA,BASSETLAW DISTRICT GENERAL HOSPITAL,37925,37258,S81 0BD,NA,459370,380327
RP5DR,DONCASTER ROYAL INFIRMARY,107454,107454,DN2 5LT,NA,459154,404161
RP5MM,MONTAGU HOSPITAL,14268,14268,S64 0AZ,NA,447530,400584
RP7CG,WITHAM  COURT,2946,2946,LN6 8UZ,NA,495223,366345
RP7EV,PETER  HODGKINSON  CENTRE,5673,5673,LN2 5QY,NA,498908,371749
RP7FK,FRANCIS  WILLIS  UNIT,861,861,LN2 5QY,NA,498908,371749
RPA02,MEDWAY MARITIME HOSPITAL,97827,85931,ME7 5NY,NA,577004,167601
RPGAD,GREENPARKS HOUSE,4172,4172,BR6 8NY,NA,543271,165008
RPGAN,GOLDIE LEIGH,5578,5578,SE2 0AY,NA,547040,177554
RPY01,"ROYAL MARSDEN HOSPITAL, CHELSEA",33118,33118,SW3 6JJ,NA,526969,178429
RPY02,"ROYAL MARSDEN HOSPITAL, SUTTON",44066,44066,SM2 5PT,NA,526085,162041
RQ301,BIRMINGHAM CHILDRENS HOSPITAL,60861,60861,B4  6NH,NA,407312,287447
RQ330,PARKVIEW CLINIC,2959,2959,B13 8QE,NA,407013,282455
RQ601,BROADGREEN SITE,37936,37547,L14 3LB,NA,340406,390858
RQ617,ROYAL LIVERPOOL SITE,142049,139542,L7  8XP,NA,335962,390733
RQ8L0,BROOMFIELD HOSPITAL,126116,93030,CM1 7ET,NA,570230,211319
RQ8LJ,ST. PETER'S HOSPITAL,2739,2012,CM9 6EG,NA,584620,206855
RQXM1,HOMERTON UNIVERSITY HOSPITAL,55000,54450,E9  6SR,NA,535570,185336
RQY08,TOLWORTH HOSPITAL,14902,5689,KT6 7QU,NA,519209,165838
RR7EN,QUEEN ELIZABETH HOSPITAL,84821,67549,NE9 6SX,NA,426956,560604
RR801,LEEDS GENERAL INFIRMARY,214596,191583,LS1 3EX,NA,429621,433998
RR813,ST JAMES'S UNIVERSITY HOSPITAL,226408,200090,LS9 7TF,NA,431684,434615
RR819,CHAPEL ALLERTON HOSPITAL,21471,20685,LS7 4RB,NA,431100,436500
RRE58,GEORGE BRYAN CENTRE,2059,1926,B78 3NG,NA,418791,302580
RRF01,LEIGH INFIRMARY,21922,21161,WN7 1HS,NA,366121,400980
RRF02,ROYAL ALBERT EDWARD INFIRMARY,46201,46149,WN1 2NN,NA,358424,406975
RRF53,WRIGHTINGTON HOSPITAL,28504,26171,WN6 9EP,NA,353000,410594
RRJ05,THE ROYAL ORTHOPAEDIC HOSPITAL,23150,22980,B31 2AP,NA,402761,280350
RRK15,QUEEN ELIZABETH HOSPITAL BIRMINGHAM,245512,195880,B15 2TH,NA,404278,283916
RRP01,EDGWARE COMMUNITY HOSPITAL,8939,7440,HA8 0AD,NA,519814,191155
RRP02,CHASE FARM HOSPITAL,23565,23557,EN2 8JL,NA,531219,198118
RRP03,ST. ANN'S HOSPITAL,15077,13840,N15 3TH,NA,532294,188587
RRV03,NEW UNIVERSITY COLLEGE HOSPITAL,77311,71272,NW1 2BU,NA,529347,182309
RRV30,UCL AT WESTMORELAND STREET (THE HEART HOSPITAL),12336,11291,W1G 8PH,NA,528470,181696
RT113,FULBOURN HOSPITAL,10695,9889,CB1 5EF,NA,549691,256364
RT115,IDA DARWIN HOSPITAL,3477,3477,CB1 5EE,NA,550548,256459
RT190,ADDENBROOKES HOSPITAL,1803,1803,CB2 2QQ,NA,546549,255140
RT1FD,PRINCESS OF WALES HOSPITAL,2340,2340,CB6 1DN,NA,554861,281894
RT201,FAIRFIELD GENERAL HOSPITAL,8536,7558,BL9 7TD,NA,383181,411570
RT202,TAMESIDE GENERAL HOSPITAL,10003,9388,OL6 9RW,NA,395358,399427
RT203,ROYAL OLDHAM HOSPITAL,7747,7136,OL1 2PN,NA,391543,405980
RT205,STEPPING HILL HOSPITAL,10630,10112,SK2 7JE,NA,391316,387445
RT208,THE MEADOWS (OLD AGE PSYCHIATRY UNIT),3943,3943,SK2 5EQ,NA,392057,389116
RT210,HEATHFIELD HOUSE,1756,1611,SK2 6RA,NA,389803,388825
RT242,"RHODES PLACE, OLDHAM",559,517,OL4 5PP,NA,395691,404054
RT301,HAREFIELD HOSPITAL,33890,32490,UB9 6JH,NA,505166,190856
RT302,ROYAL BROMPTON HOSPITAL,49600,49365,SW3 6NP,NA,527090,178341
RT521,BELVOIR INTENSIVE CARE UNIT,1083,1083,LE3 9QP,NA,455566,306608
RT598,THE BENNION CENTRE (ELDERLY),3813,3813,LE3 9DZ,NA,455403,306748
RT5FK,THE WILLOWS,2247,2247,LE5 0LE,NA,461548,305926
RT5KF,THE BRADGATE MENTAL HEALTH UNIT,10413,10413,LE3 9EJ,NA,455552,306489
RT5KT,EVINGTON CENTRE,6006,6006,LE5 4QF,NA,461991,304043
RT5KW,THE HERSCHEL PRINS CENTRE,2758,2758,LE3 9DZ,NA,455403,306748
RTD01,FREEMAN HOSPITAL,138856,107309,NE7 7DN,NA,426108,567654
RTD02,ROYAL VICTORIA INFIRMARY,185811,146187,NE1 4LP,NA,424492,565134
RTE03,GLOUCESTER ROYAL HOSPITAL,116939,94859,GL1 3NN,NA,384117,218670
RTE27,STROUD MATERNITY HOSPITAL,582,582,GL5 2JB,NA,385676,204864
RTGFA,LONDON ROAD COMMUNITY HOSPITAL,26288,26288,DE1 2QY,NA,435828,335342
RTH02,CHURCHILL HOSPITAL,81570,76805,OX3 7LJ,NA,454308,206029
RTH03,NUFFIELD ORTHOPAEDIC CENTRE,34330,31773,OX3 7LD,NA,454699,206451
RTH08,THE JOHN RADCLIFFE HOSPITAL,186633,179156,OX3 9DU,NA,453940,207531
RTP04,EAST SURREY HOSPITAL,66886,66886,RH1 5RH,NA,528458,148271
RTQ02,WOTTON LAWN,7212,7212,GL1 3PX,NA,384549,218623
RTQ54,BERKELEY HOUSE (FORMERLY HOLLYBROOK),996,996,GL5 4SA,NA,382997,205329
RTR45,FRIARAGE HOSPITAL,32202,28677,DL6 1JG,NA,437120,494236
RTRAT,JAMES COOK UNIVERSITY HOSPITAL,140663,140663,TS4 3BW,NA,450885,517673
RTV14,BROOKER CENTRE,5460,4781,WA7 2DA,NA,353825,380930
RTV33,HOLLINS PARK,15984,15984,WA2 8WA,NA,359775,392697
RTV51,SHERDLEY UNIT,4443,4443,L35 5DR,NA,347931,391806
RTV68,PEASLEY CROSS,5069,5069,WA9 3DA,NA,352342,393880
RTVL5,FAIRHAVEN,1171,1171,WA2 9TN,NA,360504,391714
RTXBW,WESTMORLAND GENERAL HOSPITAL,23824,23824,LA9 7RG,NA,352432,490370
RV320,ST CHARLES MHU,12797,12797,W10 6DZ,NA,523783,181889
RV329,3 BEATRICE PLACE,1821,1821,W8  5LW,NA,525631,179075
RV355,ROXBOURNE COMPLEX,1784,1784,HA2 0UE,NA,513548,186658
RV357,ROSEDALE COURT,826,826,HA1 3YE,NA,515538,185910
RV383,NORTHWICK PARK MENTAL HEALTH CENTRE,5679,5679,HA1 3UJ,NA,516376,187616
RV396,7A WOODFIELD ROAD,3890,3890,W9  2BA,NA,524971,181970
RV502,LAMBETH HOSPITAL,14898,14190,SW9 9NU,NA,530534,175710
RV504,MAUDSLEY HOSPITAL,36636,32909,SE5 8AZ,NA,532664,176146
RV505,BETHLEM ROYAL HOSPITAL,44993,42119,BR3 3BX,NA,537255,166146
RV915,TOWNEND COURT,2002,2002,HU6 8QG,NA,507068,431691
RV933,WESTLANDS,1305,1305,HU3 5QE,NA,506635,428503
RV934,NEWBRIDGES,1269,1269,HU9 2BH,NA,511647,429502
RV938,MAISTER LODGE,1159,1159,HU8 0RB,NA,513016,432166
RV945,MIRANDA HOUSE,2734,2734,HU3 2RT,NA,508110,428798
RVN2A,HILLVIEW,2993,2393,BA1 3QE,NA,372798,165580
RVN2B,ST MARTINS,804,804,BA2 5RP,NA,374151,162188
RVN8A,SANDALWOOD COURT,2817,2417,SN3 4WF,NA,417566,187629
RVN9A,FOUNTAIN WAY,10097,9847,SP2 7EP,NA,413381,130467
RVR05,ST HELIER HOSPITAL,57323,57023,SM5 1AA,NA,526504,166150
RVV09,QUEEN ELIZABETH THE QUEEN MOTHER HOSPITAL,49978,46244,CT9 4AN,NA,635967,169786
RVVKC,KENT AND CANTERBURY HOSPITAL,57949,53867,CT1 3NG,NA,615456,156464
RVY01,SOUTHPORT AND FORMBY DISTRICT GENERAL HOSPITAL,37595,37595,PR8 6PN,NA,335373,415671
RVY02,ORMSKIRK AND DISTRICT GENERAL HOSPITAL,35290,32571,L39 2AZ,NA,342392,407909
RW1AM,ELMLEIGH,2661,2661,PO9 2JJ,NA,472202,106834
RW1AN,HOLLYBANK,1136,1136,PO9 2AW,NA,471984,106998
RW401,RATHBONE HOSPITAL (STAR UNIT),7365,6830,L9  7JP,NA,337865,396882
RW402,AINTREE SITE,950,950,L9  7AL,NA,338285,397024
RW403,HESKETH CENTRE,4807,4453,PR9 0LT,NA,334497,418184
RW404,ASHWORTH HOSPITAL,38869,37415,L31 1HW,NA,339404,402834
RW433,BROAD OAK UNIT (BROADGREEN HOSPITAL SITE),4659,4519,L14 3PJ,NA,340581,390815
RW435,"HEYS COURT, GARSTON",781,748,L19 5NG,NA,340586,384760
RW438,LIVERPOOL EMI (MOSSLEY HILL HOSPITAL),11296,9969,L18 8BU,NA,338530,387461
RW446,HOPE CENTRE (SMITHDOWN HEALTH PARK) - FORMERLY KEVIN WHITE UNIT,2537,2355,L15 2HE,NA,337742,388742
RW449,BOOTHROYD WARD,1405,1346,PR8 6PH,NA,334900,416213
RW454,WINDSOR HOUSE,1313,1235,L8  7LF,NA,335636,389186
RW493,"SCOTT CLINIC, ST. HELENS",4986,4601,WA9 5BD,NA,349426,392353
RW5AA,QUEENS PARK HOSPITAL,7006,7006,BB2 3HH,NA,369574,426674
RW5ED,"GUILD LODGE (WHITTINGHAM, PRESTON)",14691,13487,PR3 2JH,NA,356992,435907
RW5FA,ORMSKIRK AND DISTRICT GENERAL HOSPITAL,1230,1230,L39 2AZ,NA,342392,407909
RW601,FAIRFIELD GENERAL HOSPITAL,41330,41073,BL9 7TD,NA,383181,411570
RW603,THE ROYAL OLDHAM HOSPITAL,85524,79397,OL1 2JH,NA,392026,406298
RWA01,HULL ROYAL INFIRMARY,94148,93179,HU3 2JZ,NA,508378,428777
RWDDA,LINCOLN COUNTY HOSPITAL,74313,74124,LN2 5QY,NA,498908,371749
RWEAA,LEICESTER ROYAL INFIRMARY,136758,136758,LE1 5WW,NA,458583,303575
RWEAE,GLENFIELD HOSPITAL,74742,68648,LE3 9QP,NA,455566,306608
RWEAK,LEICESTER GENERAL HOSPITAL,79557,69754,LE5 4PW,NA,462247,303970
RWG03,ST. ALBANS CITY HOSPITAL,19225,19031,AL3 5PN,NA,514391,208118
RWG08,HEMEL HEMPSTEAD GENERAL HOSPITAL,35849,21453,HP2 4AD,NA,505811,206903
RWH01,LISTER HOSPITAL,81216,81216,SG1 4AB,NA,522999,226630
RWH04,MOUNT VERNON CANCER UNIT,12175,12175,HA6 2RN,NA,507705,191821
RWJ03,CHERRY TREE HOSPITAL,1294,1294,SK2 7PZ,NA,391328,388426
RWJ09,STEPPING HILL HOSPITAL,94734,75331,SK2 7JE,NA,391316,387445
RWJ88,THE MEADOWS (BLUEBELL WARD),831,831,SK2 5EQ,NA,392057,389116
RWK02,HOMERTON EAST WING,8394,8394,E9  6SR,NA,535570,185336
RWK46,NEWHAM CENTRE FOR MENTAL HEALTH,10788,10788,E13 8SH,NA,541438,182421
RWK60,12 KENWORTHY ROAD (JOHN HOWARD CENTRE),13052,13052,E9  5TD,NA,536161,185062
RWP01,THE ALEXANDRA HOSPITAL,36348,36348,B98 7UB,NA,406092,264629
RWP50,WORCESTERSHIRE ROYAL HOSPITAL,62979,58817,WR5 1DD,NA,387713,254788
RWR13,ALBANY LODGE,1342,1342,AL3 5JF,NA,514406,207619
RWR23,ERIC SHEPHERD UNIT,604,604,WD5 0HT,NA,510491,201739
RWR24,OAK UNIT (PICU),2044,2044,WD7 9HQ,NA,517291,201935
RWR31,LAMBOURN GROVE,1200,1200,AL4 0TZ,NA,517891,206912
RWR32,LOGANDENE,1010,1010,HP3 8BL,NA,506890,206432
RWR34,LISTER MHU,2967,2967,SG1 4AB,NA,522999,226630
RWR62,THE STEWARTS,880,880,AL5 4TA,NA,513622,214663
RWR63,WARREN COURT,2396,2396,WD5 0HT,NA,510491,201739
RWR76,"VICTORIA COURT, STEVENAGE",1097,1097,SG1 4YS,NA,522899,227043
RWR77,"ELIZABETH COURT, STEVENAGE",1157,1157,SG1 4YS,NA,522899,227043
RWR78,"HAMPDEN HOUSE, HITCHIN",712,712,SG5 1HF,NA,518097,229389
RWR79,"GAINSFORD HOUSE, HITCHIN",627,627,SG5 2EN,NA,517315,228940
RWRC8,FOREST HOUSE ADOLESCENT UNIT,1045,1045,WD7 9HQ,NA,517291,201935
RWV55,TORBAY HOSPITAL,4219,4219,TQ2 7AA,NA,289857,65876
RWV62,WONFORD HOUSE HOSPITAL,10761,10761,EX2 5AF,NA,293754,91723
RWV70,LANGDON HOSPITAL,18224,14874,EX7 0NR,NA,296190,78801
RWV98,FRANKLYN HOSPITAL SITE,3092,3092,EX2 9HS,NA,290703,91454
RWWHG,HALTON GEN HOSPITAL,29115,27660,WA7 2DA,NA,353825,380930
RWWWH,WARRINGTON GEN HOSPITAL,65107,61647,WA5 1QG,NA,359485,388745
RWX84,ST MARKS HOSPITAL,5933,5770,SL6 6DU,NA,487171,181398
RWX85,UPTON HOSPITAL,7690,7621,SL1 2BJ,NA,497697,179429
RWY01,HUDDERSFIELD ROYAL INFIRMARY,60181,55833,HD3 3EA,NA,412236,417680
RWY02,CALDERDALE ROYAL HOSPITAL,50584,49777,HX3 0PW,NA,409504,423164
RX4W4,WALKERGATE PARK HOSPITAL,12661,12661,NE6 4QD,NA,428149,566174
RXA19,WEST CHESHIRE SITE (BOWMERE HOSPITAL),20811,14255,CH2 1BQ,NA,340071,368653
RXE07,WOODLANDS UNIT,3385,3385,S60 2UD,NA,443775,390997
RXE12,SWALLOWNEST COURT,4609,4609,S26 4TH,NA,445213,385875
RXE13,EMERALD LODGE,1911,1911,DN5 0JR,NA,456412,406977
RXE80,TICKHILL ROAD HOSPITAL,32750,30478,DN4 8QN,NA,456713,400424
RXEDL,"ST JOHN'S HOSPICE, DONCASTER",2372,2372,DN4 8JS,NA,456538,400709
RXF03,PONTEFRACT GENERAL INFIRMARY,23052,21225,WF8 1PL,NA,445785,421781
RXF05,PINDERFIELDS GENERAL HOSPITAL,108165,108165,WF1 4DG,NA,433870,421896
RXG10,FIELDHEAD HOSPITAL,19481,19481,WF1 3SP,NA,433503,422441
RXG11,NEWTON LODGE,8077,7337,WF1 3SP,NA,433503,422441
RXG31,"THE POPLARS, SOUTHMOOR HOSPITAL",789,789,WF9 4LU,NA,442732,412628
RXG41,CALDERDALE HOSPITAL (DALES),4412,4412,HX3 0PW,NA,409504,423164
RXG58,"LYNDHURST, ELLAND",810,810,HX5 0QF,NA,410029,420591
RXH01,THE ROYAL SUSSEX COUNTY HOSPITAL,97483,96946,BN2 5BE,NA,532654,103901
RXK01,SANDWELL GENERAL HOSPITAL,60290,57531,B71 4HJ,NA,400852,292245
RXK02,CITY HOSPITAL,84260,83421,B18 7QH,NA,404680,287859
RXK10,ROWLEY REGIS HOSPITAL,8735,8735,B65 8DA,NA,396443,287036
RXL01,BLACKPOOL VICTORIA HOSPITAL,145546,111804,FY3 8NR,NA,333221,436515
RXL06,CLIFTON HOSPITAL,6878,6878,FY8 1PB,NA,333668,428023
RXM51,THE HARTINGTON UNIT,4440,4440,S44 5BL,NA,440141,371188
RXN01,CHORLEY AND SOUTH RIBBLE DISTRICT GENERAL HOSPITAL,52427,45823,PR7 1PP,NA,358123,419005
RXN02,ROYAL PRESTON HOSPITAL,119746,119463,PR2 9HT,NA,353532,433031
RXPCC,CHESTER LE STREET COMMUNITY HOSPITAL,7934,7934,DH3 3AT,NA,427382,550764
RXPCP,UNIVERSITY HOSPITAL NORTH DURHAM,56466,52347,DH1 5TW,NA,426217,543809
RXPCW,SHOTLEY BRIDGE COMMUNITY HOSPITAL,11502,7228,DH8 0NB,NA,410187,552712
RXPDA,DARLINGTON MEMORIAL HOSPITAL,58203,53045,DL3 6HX,NA,428331,515098
RXQ51,AMERSHAM HOSPITAL,22192,22192,HP7 0JD,NA,495446,196924
RXR20,ROYAL BLACKBURN HOSPITAL,96012,95832,BB2 3HH,NA,369574,426674
RXR50,PENDLE COMMUNITY HOSPITAL,6302,5864,BB9 9SZ,NA,386015,437880
RXT05,ARDENLEIGH,8512,8512,B24 9SA,NA,411317,291076
RXT06,ASHCROFT,1493,1493,B18 5SD,NA,404686,288441
RXT15,DAVID BROMLEY HOUSE,665,665,B93 0QA,NA,417471,275782
RXT18,ENDEAVOUR COURT 210 RESERVOIR ROAD,897,897,B23 6DJ,NA,409777,291788
RXT19,ENDEAVOUR HOUSE 202 RESERVOIR ROAD,391,391,B23 6DJ,NA,409777,291788
RXT22,FORWARD HOUSE SLADE ROAD,500,500,B23 7JQ,NA,409657,291758
RXT24,GROVE AVENUE,397,397,B13 9RY,NA,408003,282602
RXT27,HERTFORD HOUSE,484,484,B92 7JQ,NA,413145,282280
RXT28,HIGHCROFT HOSPITAL - GEORGE WARD,965,965,B23 7JA,NA,409878,291330
RXT29,HILLIS LODGE,1095,1095,B31 5HE,NA,400530,278435
RXT47,MARY SEACOLE HOUSE,2015,2015,B18 5SD,NA,404686,288441
RXT51,NEWBRIDGE HOUSE,1710,1710,B10 9JH,NA,411328,286116
RXT64,REASIDE CLINIC,7084,7084,B45 9BE,NA,399530,278019
RXT65,RESERVOIR COURT,1784,1784,B23 6DJ,NA,409777,291788
RXT96,"DAN MOONEY HOUSE, KNOWLE",665,665,B93 0QA,NA,417471,275782
RXTD5,JUNIPER CENTRE,5246,5246,B13 8JL,NA,407377,283112
RXV06,PRESTWICH HOSPITAL,39801,39801,M25 3BL,NA,380780,404495
RXV15,WOODLANDS HOSPITAL,4660,4660,M28 0FE,NA,371910,403583
RXV17,MEADOWBROOK (MANCHESTER),5803,5803,M6  8HD,NA,378637,399030
RXV20,WENTWORTH HOUSE,843,843,M30 9HF,NA,377471,399198
RXV60,THE ROYAL BOLTON HOSPITAL,8162,5433,BL4 0JR,NA,371617,406456
RXV80,TRAFFORD HOSPITAL SITE,3731,3731,M41 5SL,NA,375482,395320
RXVG8,BRAMLEY STREET,559,559,M7  1YE,NA,383132,400092
RXWAS,ROYAL SHREWSBURY HOSPITAL,67790,64141,SY3 8XQ,NA,346474,312695
RXWAT,PRINCESS ROYAL HOSPITAL,48113,48113,TF1 6TF,NA,365542,312839
RXX22,FARNHAM ROAD HOSPITAL,13272,11570,GU2 7LX,NA,498922,149386
RXXHE,MARGARET LAURIE HOUSE,687,687,RH2 8HY,NA,525248,149011
TAD16,AIREDALE CENTRE FOR MENTAL HEALTH,3847,3847,BD3 9LH,NA,417744,433082
TAD17,LYNFIELD MOUNT HOSPITAL,16991,16179,BD9 6DP,NA,412915,434844
TAF01,ST PANCRAS HOSPITAL,16152,16152,NW1 0PE,NA,529678,183626
TAF04,32 DRAYTON PARK,793,793,N5  1PB,NA,531289,185312
TAF08,DALEHAM HOUSE,1218,962,NW3 5BY,NA,526684,184808
TAF10,19 ABERDEEN PARK,399,399,N5  2AR,NA,532253,185395
TAF41,HIGHVIEW COMMUNITY SUPPORT,685,685,N19 3TA,NA,529874,187588
TAF65,STACEY STREET NURSING HOME,1326,1326,N7  7JQ,NA,531107,186136
TAF72,HIGHGATE HOSPITAL,10997,10997,N19 5JG,NA,528853,186940
TAF81,CAMDEN ROAD,941,941,NW1 9HJ,NA,529423,184476
TAHCC,LONGLEY CENTRE,9272,4267,S5  7JT,NA,435983,390515
TAHFC,MICHAEL CARLISLE CENTRE,7677,7677,S11 9BF,NA,433532,385066
TAHXM,FOREST CLOSE,1928,1928,S35 0JW,NA,431975,391698
TAHXN,FOREST LODGE,1415,1415,S35 0JW,NA,431975,391698
TAHXP,GRENOSIDE GRANGE,2969,2161,S35 8QS,NA,433612,393406
TAHYH,LIGHTWOOD HOUSE,4369,3788,S8  8BG,NA,437709,381936
TAJ07,EDWARD STREET HOSPITAL,8059,6942,B70 8NL,NA,400182,291260
TAJ11,HEATH LANE HOSPITAL,3659,3237,B71 2BG,NA,400640,293346
TAJ20,HALLAM STREET HOSPITAL,4586,4242,B71 4NH,NA,401017,292216
